time.hours,oxygen
0,80.3
0,80.7
0,81.4
0,82.2
0,82
0,81.8
0,82.3
0,81.9
0.024,81.8
0.024,81.9
0.024,81.5
0.024,80.9
0.024,81.2
0.024,81.1
0.024,80.8
0.024,80.9
0.024,81
0.048,80.4
0.048,80.5
0.048,80.1
0.048,79.9
0.048,80
0.048,79.5
0.048,79.5
0.048,79.5
0.072,79.3
0.072,79.1
0.072,78.8
0.072,78.6
0.072,78.5
0.072,78.3
0.072,78.3
0.072,78.2
0.072,78.3
0.096,77.9
0.096,77.8
0.096,77.9
0.096,77.6
0.096,77.2
0.096,77.1
0.096,77
0.096,76.9
0.096,76.8
0.12,76.5
0.12,76.5
0.12,76.2
0.12,76.3
0.12,76.6
0.12,76.2
0.12,76.1
0.12,76
0.144,75.7
0.144,75.7
0.144,75.2
0.144,75.2
0.144,75.1
0.144,74.8
0.144,74.7
0.144,74.6
0.144,74.4
0.168,74.7
0.168,74.4
0.168,74.2
0.168,74
0.168,73.9
0.168,73.5
0.168,73.2
0.168,73.3
0.168,73.4
0.192,73
0.192,73.3
0.192,72.7
0.192,72.9
0.192,73
0.192,72.6
0.192,72.5
0.192,72.7
0.216,72.1
0.216,71.8
0.216,71.9
0.216,71.9
0.216,71.6
0.216,71.8
0.216,71.5
0.216,71.3
0.216,70.9
0.24,71.1
0.24,71
0.24,71.2
0.24,70.5
0.24,70.6
0.24,70.5
0.24,70.2
0.24,70
0.264,70.1
0.264,69.9
0.264,69.7
0.264,69.7
0.264,69.3
0.264,69.5
0.264,68.8
0.264,69.3
0.264,68.6
0.288,68.5
0.288,68.9
0.288,68.6
0.288,68.5
0.288,68.3
0.288,68
0.288,68.1
0.288,68
0.288,67.9
0.312,67.6
0.312,67.8
0.312,67.4
0.312,67.1
0.312,67.4
0.312,67.1
0.312,67.1
0.312,66.9
0.312,67
0.336,66.7
0.336,66.3
0.336,66.4
0.336,66.4
0.336,66
0.336,66.1
0.336,65.8
0.336,65.9
0.36,65.8
0.36,65.4
0.36,65.4
0.36,65.5
0.36,65
0.36,65
0.36,64.9
0.36,64.9
0.36,64.8
0.384,64.6
0.384,64.4
0.384,64.5
0.384,64.3
0.384,64.4
0.384,64.2
0.384,63.7
0.384,63.6
0.408,63.8
0.408,63.5
0.408,63.3
0.408,63.5
0.408,63.1
0.408,63.1
0.408,63.2
0.408,62.8
0.408,62.6
0.432,62.7
0.432,62.6
0.432,62.3
0.432,62.2
0.432,62.3
0.432,62.1
0.432,61.8
0.432,61.9
0.432,61.7
0.456,61.4
0.456,61.3
0.456,61.2
0.456,61.2
0.456,61.3
0.456,61.1
0.456,60.9
0.456,60.6
0.48,60.6
0.48,60.5
0.48,60.5
0.48,60.3
0.48,60.2
0.48,60.2
0.48,59.9
0.48,59.8
0.48,59.8
0.504,59.4
0.504,59.4
0.504,59.6
0.504,59.4
0.504,59.3
0.504,59.2
0.504,58.7
0.504,58.7
0.504,58.7
0.528,58.7
0.528,58.6
0.528,58.7
0.528,58.4
0.528,58.2
0.528,58.1
0.528,58
0.528,57.8
0.552,57.9
0.552,57.7
0.552,57.5
0.552,57.4
0.552,57.4
0.552,57.3
0.552,56.9
0.552,56.9
0.552,57
0.576,56.9
0.576,56.7
0.576,56.7
0.576,56.6
0.576,56.1
0.576,56.2
0.576,56
0.576,56.2
0.576,55.8
0.6,56
0.6,55.7
0.6,55.6
0.6,55.4
0.6,55.3
0.6,55.3
0.6,55.3
0.6,55.2
0.624,55
0.624,54.8
0.624,54.8
0.624,54.7
0.624,54.5
0.624,54.6
0.624,54.4
0.624,54.1
0.624,54
0.648,54.1
0.648,53.9
0.648,53.7
0.648,53.8
0.648,53.7
0.648,53.3
0.648,53.3
0.648,53.2
0.672,53.1
0.672,53
0.672,53.1
0.672,53
0.672,52.8
0.672,52.7
0.672,52.4
0.672,52.5
0.672,52.3
0.696,52.1
0.696,52.3
0.696,52
0.696,51.9
0.696,51.7
0.696,51.6
0.696,51.5
0.696,51.3
0.696,51.4
0.72,51.2
0.72,51.3
0.72,51
0.72,50.9
0.72,50.6
0.72,50.6
0.72,50.5
0.72,50.6
0.744,50.3
0.744,50.4
0.744,50.3
0.744,50
0.744,49.9
0.744,49.9
0.744,49.9
0.744,49.6
0.744,49.6
0.768,49.5
0.768,49.3
0.768,49.3
0.768,49.2
0.768,48.9
0.768,48.9
0.768,49
0.768,48.7
0.768,48.5
0.792,48.4
0.792,48.5
0.792,48.5
0.792,48.3
0.792,48.2
0.792,47.9
0.792,47.9
0.792,47.8
0.816,47.8
0.816,47.7
0.816,47.5
0.816,47.2
0.816,47.3
0.816,47.2
0.816,47.2
0.816,47
0.816,46.8
0.84,46.8
0.84,46.7
0.84,46.7
0.84,46.6
0.84,46.5
0.84,46.2
0.84,46.1
0.84,46
0.864,46
0.864,46.1
0.864,46.1
0.864,46
0.864,45.6
0.864,45.6
0.864,45.5
0.864,45.5
0.864,45.3
0.888,45.1
0.888,45
0.888,45.2
0.888,45
0.888,44.8
0.888,44.7
0.888,44.6
0.888,44.6
0.888,44.5
0.912,44.3
0.912,44.1
0.912,44.2
0.912,44
0.912,43.9
0.912,43.7
0.912,43.6
0.912,43.6
0.912,43.4
0.936,43.5
0.936,43.3
0.936,43.2
0.936,42.8
0.936,42.8
0.936,42.9
0.936,42.7
0.936,42.7
0.96,42.7
0.96,42.6
0.96,42.4
0.96,42.5
0.96,42.3
0.96,42.2
0.96,42.2
0.96,41.8
0.96,42
0.984,41.6
0.984,41.5
0.984,41.6
0.984,41.4
0.984,41.5
0.984,41.4
0.984,41.2
0.984,41.2
1.008,41
1.008,40.9
1.008,40.9
1.008,40.7
1.008,40.7
1.008,40.5
1.008,40.6
1.008,40.1
1.008,40.3
1.032,40.3
1.032,40.1
1.032,40
1.032,39.9
1.032,39.8
1.032,39.7
1.032,39.7
1.032,39.6
1.032,39.5
1.056,39.3
1.056,39.3
1.056,39.1
1.056,39.1
1.056,39.1
1.056,39.1
1.056,38.9
1.056,38.7
1.08,38.6
1.08,38.5
1.08,38.3
1.08,38.2
1.08,38.3
1.08,38.3
1.08,38.2
1.08,37.9
1.08,37.8
1.104,37.9
1.104,37.7
1.104,37.7
1.104,37.6
1.104,37.5
1.104,37.5
1.104,37.3
1.104,37.3
1.104,37.2
1.128,37.1
1.128,37
1.128,36.9
1.128,36.8
1.128,36.8
1.128,36.6
1.128,36.5
1.128,36.4
1.152,36.3
1.152,36.2
1.152,36.4
1.152,36
1.152,36
1.152,35.9
1.152,35.7
1.152,35.7
1.152,35.6
1.176,35.5
1.176,35.4
1.176,35.4
1.176,35.2
1.176,35.2
1.176,35.1
1.176,35.1
1.176,34.8
1.2,34.7
1.2,34.8
1.2,34.7
1.2,34.6
1.2,34.5
1.2,34.2
1.2,34.3
1.2,34
1.2,34.1
1.224,34
1.224,33.9
1.224,33.9
1.224,33.7
1.224,33.6
1.224,33.5
1.224,33.5
1.224,33.2
1.224,33.3
1.248,33.3
1.248,33.2
1.248,33
1.248,33
1.248,32.7
1.248,32.7
1.248,32.8
1.248,32.5
1.272,32.6
1.272,32.4
1.272,32.3
1.272,32.3
1.272,32.2
1.272,32.2
1.272,32.1
1.272,31.9
1.272,31.8
1.296,31.9
1.296,31.6
1.296,31.7
1.296,31.5
1.296,31.4
1.296,31.4
1.296,31.1
1.296,31.2
1.296,31.1
1.32,31.1
1.32,30.8
1.32,30.9
1.32,30.6
1.32,30.6
1.32,30.6
1.32,30.4
1.32,30.4
1.344,30.2
1.344,30.3
1.344,30.1
1.344,30
1.344,29.9
1.344,29.8
1.344,29.8
1.344,29.5
1.344,29.5
1.368,29.5
1.368,29.4
1.368,29.3
1.368,29.3
1.368,29.2
1.368,29.1
1.368,29
1.368,28.9
1.368,28.7
1.392,28.6
1.392,28.7
1.392,28.5
1.392,28.6
1.392,28.3
1.392,28.3
1.392,28.3
1.392,28.2
1.416,28.1
1.416,28
1.416,27.8
1.416,27.7
1.416,27.7
1.416,27.6
1.416,27.5
1.416,27.4
1.416,27.5
1.44,27.2
1.44,27.1
1.44,27.1
1.44,26.9
1.44,26.9
1.44,26.9
1.44,26.9
1.44,26.8
1.44,26.7
1.464,26.6
1.464,26.5
1.464,26.3
1.464,26.2
1.464,26.2
1.464,26.1
1.464,26.1
1.464,25.9
1.488,25.9
1.488,25.9
1.488,25.7
1.488,25.6
1.488,25.5
1.488,25.5
1.488,25.4
1.488,25.3
1.488,25.3
1.512,25.1
1.512,25
1.512,25.1
1.512,24.9
1.512,24.7
1.512,24.7
1.512,24.5
1.512,24.6
1.512,24.4
1.536,24.3
1.536,24.3
1.536,24.2
1.536,24.1
1.536,23.9
1.536,23.9
1.536,23.9
1.536,23.8
1.56,23.6
1.56,23.6
1.56,23.4
1.56,23.4
1.56,23.3
1.56,23.4
1.56,23.2
1.56,23
1.56,23
1.584,22.9
1.584,22.7
1.584,22.7
1.584,22.7
1.584,22.6
1.584,22.6
1.584,22.4
1.584,22.3
1.608,22.3
1.608,22.3
1.608,22.1
1.608,21.9
1.608,22
1.608,22
1.608,21.8
1.608,21.7
1.608,21.6
1.632,21.5
1.632,21.5
1.632,21.4
1.632,21.3
1.632,21.2
1.632,21.1
1.632,21
1.632,20.9
1.632,20.9
1.656,20.8
1.656,20.7
1.656,20.7
1.656,20.5
1.656,20.5
1.656,20.5
1.656,20.4
1.656,20.3
1.68,20.3
1.68,20.1
1.68,20
1.68,19.8
1.68,19.9
1.68,19.8
1.68,19.7
1.68,19.6
1.68,19.5
1.704,19.4
1.704,19.3
1.704,19.2
1.704,19.1
1.704,19.1
1.704,19
1.704,18.9
1.704,18.8
1.704,18.8
1.728,18.6
1.728,18.6
1.728,18.5
1.728,18.4
1.728,18.3
1.728,18.2
1.728,18.2
1.728,18.1
1.752,18.1
1.752,17.9
1.752,17.9
1.752,17.7
1.752,17.7
1.752,17.7
1.752,17.4
1.752,17.4
1.752,17.3
1.776,17.2
1.776,17.2
1.776,17.1
1.776,17
1.776,17
1.776,16.8
1.776,16.8
1.776,16.7
1.8,16.6
1.8,16.5
1.8,16.4
1.8,16.5
1.8,16.3
1.8,16.2
1.8,16.3
1.8,16.1
1.8,16.1
1.824,15.9
1.824,15.8
1.824,15.7
1.824,15.7
1.824,15.6
1.824,15.5
1.824,15.5
1.824,15.3
1.824,15.3
1.848,15.3
1.848,15.1
1.848,15.1
1.848,14.9
1.848,14.8
1.848,14.7
1.848,14.7
1.848,14.7
1.872,14.4
1.872,14.4
1.872,14.4
1.872,14.3
1.872,14.2
1.872,14.1
1.872,14.1
1.872,14
1.872,13.9
1.896,13.8
1.896,13.7
1.896,13.7
1.896,13.6
1.896,13.5
1.896,13.5
1.896,13.4
1.896,13.3
1.896,13.2
1.92,13.2
1.92,13
1.92,12.9
1.92,12.9
1.92,12.7
1.92,12.8
1.92,12.6
1.92,12.6
1.944,12.5
1.944,12.4
1.944,12.3
1.944,12.3
1.944,12.2
1.944,12.1
1.944,12
1.944,11.9
1.944,11.9
1.968,11.8
1.968,11.8
1.968,11.6
1.968,11.6
1.968,11.5
1.968,11.3
1.968,11.3
1.968,11.3
1.968,11.2
1.992,11.1
1.992,11
1.992,10.9
1.992,10.8
1.992,10.7
1.992,10.6
1.992,10.5
1.992,10.5
2.016,10.4
2.016,10.4
2.016,10.3
2.016,10.2
2.016,10.1
2.016,10
2.016,9.98
2.016,9.97
2.016,9.89
2.04,9.83
2.04,9.72
2.04,9.58
2.04,9.54
2.04,9.47
2.04,9.39
2.04,9.31
2.04,9.21
2.04,8.99
2.064,9.02
2.064,8.99
2.064,8.91
2.064,8.8
2.064,8.68
2.064,8.69
2.064,8.64
2.064,8.41
2.088,8.36
2.088,8.32
2.088,8.22
2.088,8.13
2.088,8.15
2.088,7.96
2.088,7.93
2.088,7.89
2.088,7.83
2.112,7.71
2.112,7.73
2.112,7.59
2.112,7.39
2.112,7.36
2.112,7.34
2.112,7.32
2.112,7.22
2.136,7.22
2.136,7.04
2.136,6.95
2.136,6.93
2.136,6.86
2.136,6.84
2.136,6.69
2.136,6.59
2.136,6.52
2.16,6.47
2.16,6.27
2.16,6.28
2.16,6.16
2.16,6.11
2.16,6.05
2.16,5.98
2.16,5.94
2.16,5.85
2.184,5.76
2.184,5.7
2.184,5.6
2.184,5.5
2.184,5.45
2.184,5.45
2.184,5.34
2.184,5.21
2.208,5.19
2.208,5.09
2.208,4.99
2.208,4.91
2.208,4.85
2.208,4.76
2.208,4.75
2.208,4.64
2.208,4.58
2.232,4.44
2.232,4.4
2.232,4.3
2.232,4.21
2.232,4.18
2.232,4.15
2.232,4.08
2.232,4.03
2.232,3.89
2.256,3.86
2.256,3.76
2.256,3.72
2.256,3.61
2.256,3.47
2.256,3.47
2.256,3.42
2.256,3.32
2.28,3.25
2.28,3.25
2.28,3.12
2.28,3.15
2.28,2.93
2.28,2.95
2.28,2.83
2.28,2.8
2.28,2.72
2.304,2.68
2.304,2.58
2.304,2.49
2.304,2.35
2.304,2.4
2.304,2.29
2.304,2.21
2.304,2.04
2.304,1.99
2.328,2.02
2.328,1.96
2.328,1.87
2.328,1.83
2.328,1.72
2.328,1.61
2.328,1.56
2.328,1.57
2.352,1.49
2.352,1.35
2.352,1.22
2.352,1.22
2.352,1.16
2.352,1.12
2.352,1.06
2.352,1
2.352,0.959
2.376,0.841
2.376,0.857
2.376,0.738
2.376,0.761
2.376,0.592
2.376,0.49
2.376,0.498
2.376,0.454
2.376,0.385
2.4,0.268
2.4,0.303
2.4,0.129
2.4,0.0538
2.4,0.0935
2.4,-0.0369
2.4,-0.0347
2.4,-0.0959
2.424,-0.127
2.424,-0.267
2.424,-0.298
2.424,-0.293
2.424,-0.359
2.424,-0.466
2.424,-0.521
2.424,-0.53
2.424,-0.658
2.448,-0.604
2.448,-0.663
2.448,-0.678
2.448,-0.802
2.448,-0.824
2.448,-0.819
2.448,-0.941
2.448,-0.917
2.472,-0.899
2.472,-0.919
2.472,-0.928
2.472,-1.02
2.472,-0.943
2.472,-0.962
2.472,-1
2.472,-0.99
2.472,-0.99
2.496,-1.07
2.496,-1.02
2.496,-0.999
2.496,-1.06
2.496,-1.04
2.496,-1.03
2.496,-1.04
2.496,-1.03
2.496,-1.02
2.52,-1.01
2.52,-1.1
2.52,-0.956
2.52,-0.997
2.52,-0.993
2.52,-1.04
2.52,-0.962
2.52,-1.08
2.544,-1.03
2.544,-1.04
2.544,-0.977
2.544,-1.05
2.544,-0.962
2.544,-1.04
2.544,-1
2.544,-0.958
2.544,-1.01
2.568,-1.01
2.568,-1.03
2.568,-0.982
2.568,-1.05
2.568,-1.01
2.568,-1.11
2.568,-0.995
2.568,-1.05
2.568,-0.941
2.592,-0.993
2.592,-1.02
2.592,-1.06
2.592,-1.06
2.592,-0.993
2.592,-0.986
2.592,-0.978
2.592,-0.978
2.616,-1
2.616,-1.01
2.616,-1.01
2.616,-1.03
2.616,-1.03
2.616,-1.09
2.616,-0.988
2.616,-0.997
2.616,-1.05
2.64,-1
2.64,-0.975
2.64,-0.99
2.64,-0.962
2.64,-1.02
2.64,-1.04
2.64,-1.02
2.64,-1.05
2.664,-1.03
2.664,-1.05
2.664,-1.03
2.664,-1
2.664,-1
2.664,-0.915
2.664,-0.982
2.664,-1.01
2.664,-1.02
2.688,-1.05
2.688,-1.03
2.688,-1.06
2.688,-1.01
2.688,-1.06
2.688,-0.98
2.688,-1.06
2.688,-1
2.688,-0.971
2.712,-0.995
2.712,-0.98
2.712,-1.01
2.712,-0.997
2.712,-1.01
2.712,-1.07
2.712,-1.08
2.712,-1.04
2.736,-1.08
2.736,-1.04
2.736,-1.01
2.736,-1.04
2.736,-1.04
2.736,-1.03
2.736,-1.07
2.736,-1.03
2.736,-1.1
2.76,-0.986
2.76,-1.04
2.76,-1.08
2.76,-0.999
2.76,-0.962
2.76,-1.07
2.76,-1.03
2.76,-1.02
2.76,-1.04
2.784,-0.977
2.784,-1.03
2.784,-1.01
2.784,-1.06
2.784,-0.977
2.784,-1.01
2.784,-1.04
2.784,-1.04
2.808,-1
2.808,-0.99
2.808,-1.08
2.808,-0.971
2.808,-0.973
2.808,-1.05
2.808,-1.01
2.808,-1.06
2.808,-1.02
2.832,-1.02
2.832,-0.956
2.832,-0.982
2.832,-1.02
2.832,-0.958
2.832,-1.03
2.832,-1.05
2.832,-1.13
2.832,-1.02
2.856,-1.04
2.856,-1.07
2.856,-1.03
2.856,-1
2.856,-0.962
2.856,-0.952
2.856,-0.986
2.856,-1.04
2.88,-1.03
2.88,-1.02
2.88,-1.04
2.88,-1.03
2.88,-1.02
2.88,-1.01
2.88,-0.973
2.88,-1.07
2.88,-0.982
2.904,-1.07
2.904,-1.03
2.904,-1.06
2.904,-1.07
2.904,-0.993
2.904,-1.09
2.904,-1.03
2.904,-1.05
2.904,-1.08
2.928,-1.03
2.928,-1.03
2.928,-0.986
2.928,-1.07
2.928,-1.03
2.928,-1.03
2.928,-0.973
2.928,-1.03
2.952,-1.09
2.952,-1.09
2.952,-1.01
2.952,-0.988
2.952,-1.07
2.952,-0.965
2.952,-1.02
2.952,-0.999
2.952,-0.986
2.976,-0.999
2.976,-1.04
2.976,-1.07
2.976,-0.984
2.976,-1.02
2.976,-1
2.976,-1.03
2.976,-1.04
2.976,-1.03
3,-1.04
3,-1.07
3,-1.03
3,-1.03
3,-1.04
3,-1.03
3,-1
3,-1.06
3.024,-1.06
3.024,-0.986
3.024,-0.95
3.024,-1.03
3.024,-1.08
3.024,-1
3.024,-1.09
3.024,-1.02
3.024,-1.05
3.048,-1.1
3.048,-1.07
3.048,-0.997
3.048,-1.04
3.048,-1.03
3.048,-1.02
3.048,-1.04
3.048,-1.01
3.072,-1.02
3.072,-1.03
3.072,-1.07
3.072,-0.958
3.072,-1.03
3.072,-1.04
3.072,-0.993
3.072,-1.04
3.072,-1.01
3.096,-1.03
3.096,-1.03
3.096,-0.965
3.096,-0.943
3.096,-1.04
3.096,-1.06
3.096,-1.05
3.096,-1
3.096,-1.06
3.12,-1.05
3.12,-1.02
3.12,-0.976
3.12,-0.989
3.12,-1.06
3.12,-1.04
3.12,-1.06
3.12,-0.991
3.144,-1.04
3.144,-1.04
3.144,-1.01
3.144,-0.969
3.144,-0.98
3.144,-1
3.144,-1.04
3.144,-0.986
3.144,-1.09
3.168,-1.06
3.168,-1.03
3.168,-1.01
3.168,-0.978
3.168,-1.02
3.168,-1.06
3.168,-1.07
3.168,-0.978
3.168,-1.01
3.192,-0.993
3.192,-1.07
3.192,-1.06
3.192,-0.993
3.192,-1.05
3.192,-1.06
3.192,-0.98
3.192,-1.04
3.216,-1.11
3.216,-1.04
3.216,-1.07
3.216,-0.984
3.216,-1.01
3.216,-1.08
3.216,-1.03
3.216,-0.986
3.216,-0.973
3.24,-1
3.24,-0.999
3.24,-0.986
3.24,-0.965
3.24,-0.976
3.24,-0.999
3.24,-0.991
3.24,-0.989
3.264,-1.04
3.264,-1.13
3.264,-1.05
3.264,-0.941
3.264,-1.01
3.264,-1.02
3.264,-0.973
3.264,-1.01
3.264,-0.947
3.288,-1.02
3.288,-1.1
3.288,-1.02
3.288,-1.01
3.288,-0.975
3.288,-0.976
3.288,-1.08
3.288,-1.03
3.288,-1.11
3.312,-1.01
3.312,-0.872
3.312,-1
3.312,-1.06
3.312,-1.02
3.312,-1.06
3.312,-1.06
3.312,-0.958
3.312,-0.963
3.336,-1.05
3.336,-1.03
3.336,-1.03
3.336,-1.02
3.336,-0.954
3.336,-1.03
3.336,-1.03
3.336,-0.991
3.36,-1.1
3.36,-1.01
3.36,-1.02
3.36,-1.04
3.36,-1.05
3.36,-1.01
3.36,-1.08
3.36,-0.995
3.36,-1.02
3.384,-1.07
3.384,-1.03
3.384,-1.08
3.384,-0.986
3.384,-1.07
3.384,-0.95
3.384,-1.01
3.384,-1.02
3.408,-1.03
3.408,-0.978
3.408,-1.06
3.408,-1.02
3.408,-0.999
3.408,-0.978
3.408,-0.934
3.408,-0.971
3.408,-1.01
3.432,-0.999
3.432,-0.999
3.432,-0.965
3.432,-0.96
3.432,-1.02
3.432,-0.978
3.432,-1.12
3.432,-1.02
3.432,-1.01
3.456,-0.976
3.456,-1.05
3.456,-0.937
3.456,-0.969
3.456,-1.05
3.456,-1.04
3.456,-1.07
3.456,-0.962
3.48,-0.95
3.48,-1
3.48,-1.06
3.48,-1.02
3.48,-0.954
3.48,-0.98
3.48,-1.05
3.48,-0.999
3.48,-1.08
3.504,-1.04
3.504,-1
3.504,-0.982
3.504,-1.01
3.504,-0.995
3.504,-1.11
3.504,-1.02
3.504,-0.973
3.504,-1
3.528,-1.09
3.528,-1.06
3.528,-0.965
3.528,-0.943
3.528,-0.913
3.528,-1.01
3.528,-0.988
3.528,-1
3.552,-1.01
3.552,-0.999
3.552,-1.02
3.552,-1.02
3.552,-1.05
3.552,-1.01
3.552,-1.03
3.552,-0.982
3.552,-0.98
3.576,-1.07
3.576,-0.975
3.576,-1.04
3.576,-1.03
3.576,-0.982
3.576,-0.995
3.576,-1.05
3.576,-1.03
3.576,-0.993
3.6,-1.02
3.6,-0.969
3.6,-1.05
3.6,-0.971
3.6,-0.984
3.6,-0.921
3.6,-1.02
3.6,-0.969
3.624,-1.01
3.624,-1.03
3.624,-1.02
3.624,-0.995
3.624,-0.947
3.624,-0.978
3.624,-1.02
3.624,-1.04
3.624,-1.08
3.648,-0.993
3.648,-0.984
3.648,-0.989
3.648,-0.984
3.648,-1.02
3.648,-1.11
3.648,-0.989
3.648,-1.01
3.672,-1.02
3.672,-1.02
3.672,-0.984
3.672,-1.02
3.672,-0.986
3.672,-1.06
3.672,-1.01
3.672,-0.947
3.672,-0.999
3.696,-1.03
3.696,-0.915
3.696,-0.984
3.696,-0.926
3.696,-1.07
3.696,-0.954
3.696,-0.954
3.696,-0.954
3.696,-0.924
3.72,-1.05
3.72,-0.995
3.72,-1.08
3.72,-0.958
3.72,-0.947
3.72,-0.93
3.72,-0.982
3.72,-0.969
3.744,-0.939
3.744,-0.88
3.744,-1.01
3.744,-1.1
3.744,-1.01
3.744,-0.982
3.744,-1.01
3.744,-0.995
3.744,-0.973
3.768,-0.967
3.768,-0.989
3.768,-0.976
3.768,-1.07
3.768,-1.03
3.768,-1.04
3.768,-1.03
3.768,-1.03
3.768,-0.993
3.792,-0.967
3.792,-1.06
3.792,-1.02
3.792,-1.05
3.792,-1.02
3.792,-0.991
3.792,-0.967
3.792,-1.01
3.816,-0.988
3.816,-0.98
3.816,-0.973
3.816,-1.01
3.816,-1.02
3.816,-1.04
3.816,-1.08
3.816,-1.01
3.816,-1.04
3.84,-0.982
3.84,-0.999
3.84,-0.995
3.84,-0.926
3.84,-1.02
3.84,-1
3.84,-0.958
3.84,-1.01
3.864,-0.993
3.864,-1.02
3.864,-0.98
3.864,-1.04
3.864,-0.954
3.864,-1
3.864,-0.984
3.864,-1.05
3.864,-0.989
3.888,-1.05
3.888,-0.956
3.888,-0.999
3.888,-0.934
3.888,-0.965
3.888,-1.03
3.888,-0.9
3.888,-0.991
3.888,-0.952
3.912,-0.995
3.912,-0.945
3.912,-0.986
3.912,-0.956
3.912,-1.01
3.912,-0.997
3.912,-0.952
3.912,-1.05
3.912,-1
3.936,-1
3.936,-0.986
3.936,-0.98
3.936,-1.01
3.936,-1.05
3.936,-0.986
3.936,-1.02
3.936,-0.995
3.96,-0.967
3.96,-0.943
3.96,-1.01
3.96,-1
3.96,-1.08
3.96,-1.03
3.96,-1.01
3.96,-0.98
3.96,-1.01
3.984,-0.999
3.984,-0.995
3.984,-0.989
3.984,-0.98
3.984,-1.02
3.984,-1.05
3.984,-0.989
3.984,-1.04
4.008,-1.04
4.008,-1.03
4.008,-0.954
4.008,-0.986
4.008,-1.02
4.008,-1.05
4.008,-0.965
4.008,-0.995
4.008,-1.01
4.032,-0.989
4.032,-0.997
4.032,-0.969
4.032,-1.05
4.032,-0.967
4.032,-1.01
4.032,-0.991
4.032,-1.03
4.032,-1.03
4.056,-0.991
4.056,-0.965
4.056,-1.04
4.056,-0.973
4.056,-0.902
4.056,-1.02
4.056,-0.967
4.056,-1.03
4.08,-0.923
4.08,-1.03
4.08,-1.01
4.08,-1.04
4.08,-1.03
4.08,-0.989
4.08,-1.03
4.08,-0.924
4.08,-0.995
4.104,-0.96
4.104,-1.04
4.104,-1.03
4.104,-0.982
4.104,-1.02
4.104,-1.05
4.104,-0.984
4.104,-1.02
4.104,-1.02
4.128,-1.03
4.128,-1.05
4.128,-1.01
4.128,-0.984
4.128,-0.999
4.128,-1
4.128,-0.991
4.128,-0.932
4.152,-1.01
4.152,-0.997
4.152,-1.05
4.152,-1.08
4.152,-0.991
4.152,-0.93
4.152,-0.986
4.152,-0.991
4.152,-0.952
4.176,-0.932
4.176,-0.96
4.176,-1.05
4.176,-1.03
4.176,-1.01
4.176,-1.07
4.176,-1.07
4.176,-1.03
4.2,-0.971
4.2,-0.958
4.2,-0.93
4.2,-0.95
4.2,-0.982
4.2,-1.05
4.2,-1
4.2,-0.943
4.2,-0.932
4.224,-1.03
4.224,-0.995
4.224,-1.01
4.224,-0.989
4.224,-0.984
4.224,-0.93
4.224,-1.01
4.224,-0.98
4.224,-1.11
4.248,-0.956
4.248,-1.01
4.248,-1.02
4.248,-1.11
4.248,-0.945
4.248,-1.01
4.248,-1
4.248,-1.08
4.272,-0.95
4.272,-0.973
4.272,-0.926
4.272,-1.03
4.272,-0.991
4.272,-1.04
4.272,-0.993
4.272,-1
4.272,-1.03
4.296,-1
4.296,-0.997
4.296,-0.945
4.296,-0.913
4.296,-1.01
4.296,-0.984
4.296,-1.08
4.296,-1.01
4.296,-0.986
4.32,-0.945
4.32,-0.999
4.32,-1.02
4.32,-1.01
4.32,-0.971
4.32,-0.939
4.32,-0.999
4.32,-1.02
4.344,-0.965
4.344,-0.978
4.344,-0.941
4.344,-0.995
4.344,-0.934
4.344,-0.965
4.344,-0.984
4.344,-1.03
4.344,-1.06
4.368,-1.07
4.368,-0.943
4.368,-0.984
4.368,-1.16
4.368,-1.01
4.368,-0.947
4.368,-1.07
4.368,-0.997
4.368,-1.03
4.392,-1
4.392,-1.01
4.392,-1.07
4.392,-1.06
4.392,-0.984
4.392,-0.988
4.392,-0.984
4.392,-1.01
4.416,-1.04
4.416,-0.941
4.416,-1.02
4.416,-1.01
4.416,-0.993
4.416,-0.986
4.416,-1.03
4.416,-0.943
4.416,-1.07
4.44,-1.13
4.44,-0.945
4.44,-0.995
4.44,-1.01
4.44,-1.02
4.44,-0.991
4.44,-1.01
4.44,-0.952
4.44,-1.02
4.464,-0.982
4.464,-1.01
4.464,-1.01
4.464,-0.997
4.464,-0.991
4.464,-1.05
4.464,-1.03
4.464,-1.01
4.488,-0.986
4.488,-0.997
4.488,-1.01
4.488,-1.08
4.488,-1.03
4.488,-1.03
4.488,-1.04
4.488,-0.975
4.488,-1.02
4.512,-0.98
4.512,-1.01
4.512,-0.969
4.512,-1.01
4.512,-0.975
4.512,-0.999
4.512,-1.01
4.512,-0.991
4.512,-1.05
4.536,-1.02
4.536,-0.96
4.536,-0.991
4.536,-1
4.536,-1.06
4.536,-0.93
4.536,-1.04
4.536,-1.02
4.56,-0.973
4.56,-1.02
4.56,-1.02
4.56,-0.941
4.56,-0.952
4.56,-1.02
4.56,-0.978
4.56,-1.01
4.56,-1.03
4.584,-0.975
4.584,-0.98
4.584,-0.98
4.584,-1.04
4.584,-0.982
4.584,-1.04
4.584,-1.01
4.584,-0.997
4.608,-0.932
4.608,-1.01
4.608,-0.986
4.608,-0.93
4.608,-0.993
4.608,-0.956
4.608,-1.04
4.608,-0.997
4.608,-0.993
4.632,-0.941
4.632,-0.947
4.632,-0.967
4.632,-0.969
4.632,-1
4.632,-0.928
4.632,-1.01
4.632,-0.971
4.632,-1.07
4.656,-0.928
4.656,-0.986
4.656,-0.978
4.656,-0.984
4.656,-0.984
4.656,-0.956
4.656,-0.921
4.656,-1.03
4.68,-1.01
4.68,-0.991
4.68,-0.939
4.68,-1.01
4.68,-0.988
4.68,-0.936
4.68,-0.969
4.68,-0.978
4.68,-0.958
4.704,-0.965
4.704,-0.936
4.704,-1.02
4.704,-1
4.704,-0.913
4.704,-0.952
4.704,-0.908
4.704,-0.949
4.704,-0.988
4.728,-1.03
4.728,-1.01
4.728,-1.01
4.728,-1.03
4.728,-1.03
4.728,-1.03
4.728,-0.96
4.728,-1.02
4.752,-0.936
4.752,-0.971
4.752,-1.05
4.752,-0.975
4.752,-1.01
4.752,-0.984
4.752,-1.1
4.752,-0.965
4.752,-0.923
4.776,-1.08
4.776,-1.02
4.776,-0.997
4.776,-1.07
4.776,-1.04
4.776,-0.954
4.776,-0.982
4.776,-0.995
4.8,-0.993
4.8,-0.932
4.8,-0.986
4.8,-0.952
4.8,-1.02
4.8,-0.965
4.8,-0.984
4.8,-0.973
4.8,-0.98
4.824,-1
4.824,-0.971
4.824,-0.995
4.824,-1
4.824,-0.937
4.824,-1.01
4.824,-1.05
4.824,-1.03
4.824,-1.02
4.848,-1.01
4.848,-1.01
4.848,-1.01
4.848,-0.965
4.848,-0.988
4.848,-1.06
4.848,-0.936
4.848,-1.01
4.872,-0.995
4.872,-1.04
4.872,-1.02
4.872,-0.98
4.872,-1.09
4.872,-1.04
4.872,-0.986
4.872,-1
4.872,-0.958
4.896,-0.99
4.896,-0.958
4.896,-1.01
4.896,-1.01
4.896,-1.08
4.896,-0.975
4.896,-0.926
4.896,-1.09
4.896,-1.01
4.92,-0.952
4.92,-0.982
4.92,-0.98
4.92,-0.934
4.92,-1.01
4.92,-1.03
4.92,-1.02
4.92,-0.934
4.944,-0.973
4.944,-0.967
4.944,-0.971
4.944,-1.01
4.944,-0.93
4.944,-0.973
4.944,-1.01
4.944,-1.01
4.944,-0.969
4.968,-1.02
4.968,-1.01
4.968,-1.01
4.968,-0.882
4.968,-0.988
4.968,-1.01
4.968,-1
4.968,-0.99
4.968,-0.934
4.992,-1.06
4.992,-1.02
4.992,-0.99
4.992,-0.967
4.992,-1.04
4.992,-0.93
4.992,-0.964
4.992,-0.932
5.016,-1.05
5.016,-1
5.016,-0.93
5.016,-0.936
5.016,-1.02
5.016,-1.02
5.016,-0.932
5.016,-0.951
5.016,-1.04
5.04,-1.03
5.04,-0.967
5.04,-1.03
5.04,-1.01
5.04,-1.06
5.04,-0.995
5.04,-1.02
5.04,-1
5.04,-0.971
5.064,-0.995
5.064,-0.934
5.064,-0.958
5.064,-0.928
5.064,-0.991
5.064,-1
5.064,-1.05
5.064,-0.917
5.088,-0.971
5.088,-1.01
5.088,-1.04
5.088,-0.949
5.088,-0.973
5.088,-1
5.088,-1.02
5.088,-1.01
5.088,-0.98
5.112,-0.995
5.112,-1.05
5.112,-1.02
5.112,-1
5.112,-1.02
5.112,-1.01
5.112,-0.997
5.112,-0.967
5.136,-0.993
5.136,-1.01
5.136,-0.984
5.136,-0.945
5.136,-1.01
5.136,-1.03
5.136,-1
5.136,-0.969
5.136,-0.984
5.16,-1.02
5.16,-0.962
5.16,-1.04
5.16,-1
5.16,-1.04
5.16,-0.934
5.16,-0.973
5.16,-0.975
5.16,-0.98
5.184,-1.05
5.184,-1.05
5.184,-0.997
5.184,-1.07
5.184,-1.02
5.184,-1.03
5.184,-0.956
5.184,-0.98
5.208,-0.965
5.208,-1.01
5.208,-1.04
5.208,-1.06
5.208,-0.99
5.208,-0.971
5.208,-0.98
5.208,-1.04
5.208,-0.993
5.232,-0.99
5.232,-1.04
5.232,-0.971
5.232,-1.01
5.232,-1.05
5.232,-1.01
5.232,-1.06
5.232,-1.01
5.232,-1.04
5.256,-0.904
5.256,-1.03
5.256,-1.03
5.256,-0.98
5.256,-0.941
5.256,-1.01
5.256,-0.93
5.256,-1
5.28,-0.947
5.28,-0.984
5.28,-1.08
5.28,-1.01
5.28,-0.969
5.28,-0.954
5.28,-0.93
5.28,-0.908
5.28,-1.01
5.304,-1.09
5.304,-0.977
5.304,-1
5.304,-1.02
5.304,-1.03
5.304,-1.04
5.304,-1.01
5.304,-1.03
5.304,-1.01
5.328,-0.941
5.328,-0.947
5.328,-0.964
5.328,-0.96
5.328,-0.904
5.328,-1.06
5.328,-0.988
5.328,-0.956
5.352,-0.886
5.352,-1.09
5.352,-0.997
5.352,-0.984
5.352,-0.967
5.352,-1.02
5.352,-1.05
5.352,-0.967
5.352,-1.03
5.376,-0.993
5.376,-0.997
5.376,-1.04
5.376,-0.964
5.376,-1.02
5.376,-0.999
5.376,-0.96
5.376,-0.969
5.376,-1.02
5.4,-1.02
5.4,-0.973
5.4,-0.999
5.4,-0.949
5.4,-0.973
5.4,-0.956
5.4,-1.01
5.4,-1
5.424,-1.01
5.424,-1.04
5.424,-0.949
5.424,-0.98
5.424,-1.01
5.424,-1.04
5.424,-0.986
5.424,-1.06
5.424,-1.07
5.448,-0.932
5.448,-1.04
5.448,-1.04
5.448,-1.03
5.448,-0.99
5.448,-1.04
5.448,-0.899
5.448,-1.03
5.472,-1.02
5.472,-0.956
5.472,-0.962
5.472,-0.949
5.472,-1.03
5.472,-1
5.472,-1.02
5.472,-0.997
5.472,-1.03
5.496,-1.03
5.496,-0.973
5.496,-0.91
5.496,-1.06
5.496,-0.945
5.496,-0.975
5.496,-1.09
5.496,-0.956
5.496,-0.965
5.52,-1.04
5.52,-0.986
5.52,-1.02
5.52,-0.936
5.52,-1.03
5.52,-0.956
5.52,-0.956
5.52,-0.971
5.544,-0.936
5.544,-1
5.544,-0.964
5.544,-0.925
5.544,-0.995
5.544,-0.988
5.544,-1.02
5.544,-1.03
5.544,-0.982
5.568,-1.06
5.568,-1.04
5.568,-1.01
5.568,-0.947
5.568,-0.967
5.568,-0.98
5.568,-1.01
5.568,-1.04
5.568,-1.01
5.592,-0.973
5.592,-0.975
5.592,-1.01
5.592,-1.02
5.592,-0.945
5.592,-0.951
5.592,-0.975
5.592,-1.01
5.616,-0.899
5.616,-1.05
5.616,-0.997
5.616,-1.01
5.616,-0.991
5.616,-1.04
5.616,-1.01
5.616,-0.962
5.616,-0.899
5.64,-0.925
5.64,-1.01
5.64,-1.06
5.64,-1.03
5.64,-1.03
5.64,-0.91
5.64,-0.956
5.64,-1
5.664,-0.943
5.664,-0.984
5.664,-0.915
5.664,-0.978
5.664,-1.02
5.664,-0.971
5.664,-1.03
5.664,-0.964
5.664,-0.995
5.688,-0.958
5.688,-0.98
5.688,-0.999
5.688,-1.06
5.688,-0.986
5.688,-0.984
5.688,-1.03
5.688,-0.98
5.688,-0.967
5.712,-0.925
5.712,-0.995
5.712,-0.98
5.712,-1.01
5.712,-1.07
5.712,-0.925
5.712,-0.995
5.712,-0.901
5.736,-0.964
5.736,-0.967
5.736,-1.03
5.736,-1.05
5.736,-1
5.736,-0.975
5.736,-0.967
5.736,-1.02
5.736,-0.975
5.76,-1.04
5.76,-1.01
5.76,-1.01
5.76,-1.06
5.76,-0.962
5.76,-1.04
5.76,-0.951
5.76,-1.03
5.76,-0.986
5.784,-0.995
5.784,-0.988
5.784,-1.05
5.784,-1.04
5.784,-0.932
5.784,-1.01
5.784,-0.962
5.784,-1.01
5.808,-1.05
5.808,-1.02
5.808,-0.995
5.808,-1.03
5.808,-1.04
5.808,-0.999
5.808,-1.01
5.808,-0.969
5.808,-0.999
5.832,-0.975
5.832,-0.956
5.832,-0.984
5.832,-1.04
5.832,-1.01
5.832,-1.02
5.832,-1.03
5.832,-1.06
5.832,-0.988
5.856,-0.94
5.856,-0.982
5.856,-1.02
5.856,-0.953
5.856,-0.96
5.856,-1.03
5.856,-1.02
5.856,-1.03
5.88,-1
5.88,-1
5.88,-0.975
5.88,-0.984
5.88,-1.01
5.88,-0.997
5.88,-0.968
5.88,-0.956
5.88,-0.969
5.904,-1.02
5.904,-0.992
5.904,-0.975
5.904,-0.973
5.904,-1.02
5.904,-0.995
5.904,-0.988
5.904,-0.966
5.904,-0.964
5.928,-0.99
5.928,-1.03
5.928,-1.01
5.928,-1.03
5.928,-1.02
5.928,-1
5.928,-1.07
5.928,-0.962
5.952,-0.936
5.952,-0.968
5.952,-1
5.952,-0.927
5.952,-0.981
5.952,-0.997
5.952,-0.955
5.952,-0.984
5.952,-1.05
5.976,-0.953
5.976,-1.01
5.976,-0.94
5.976,-1.02
5.976,-0.948
5.976,-0.957
5.976,-1.02
5.976,-0.968
5.976,-1.01
6,-1
6,-0.957
6,-0.987
6,-0.996
6,-0.985
6,-0.993
6,-1.05
6,-1.02
6.024,-1.02
6.024,-1.01
6.024,-0.985
6.024,-0.943
6.024,-1.03
6.024,-0.967
6.024,-0.993
6.024,-1
6.024,-1.02
6.048,-0.965
6.048,-0.973
6.048,-1.05
6.048,-0.986
6.048,-0.921
6.048,-0.989
6.048,-0.997
6.048,-0.947
6.072,-1.03
6.072,-1.06
6.072,-0.949
6.072,-0.928
6.072,-0.998
6.072,-0.989
6.072,-0.974
6.072,-0.998
6.072,-1.03
6.096,-0.921
6.096,-0.974
6.096,-1.04
6.096,-1.01
6.096,-0.986
6.096,-0.934
6.096,-1
6.096,-0.975
6.096,-0.991
6.12,-0.949
6.12,-0.992
6.12,-1
6.12,-1.02
6.12,-1.01
6.12,-1.03
6.12,-0.934
6.12,-0.938
6.144,-0.997
6.144,-1.03
6.144,-0.977
6.144,-0.962
6.144,-0.881
6.144,-0.953
6.144,-1.06
6.144,-0.94
6.144,-1.01
6.168,-0.977
6.168,-1.01
6.168,-0.992
6.168,-0.957
6.168,-1.1
6.168,-0.994
6.168,-0.985
6.168,-1.07
6.168,-1.02
6.192,-0.992
6.192,-0.996
6.192,-1.04
6.192,-0.986
6.192,-1.04
6.192,-0.953
6.192,-1.03
6.192,-0.92
6.216,-1.02
6.216,-1.08
6.216,-0.949
6.216,-0.981
6.216,-1.01
6.216,-1.02
6.216,-0.986
6.216,-0.977
6.216,-1.01
6.24,-0.971
6.24,-0.96
6.24,-1.02
6.24,-1.03
6.24,-0.901
6.24,-0.929
6.24,-1.03
6.24,-0.992
6.264,-0.903
6.264,-0.977
6.264,-1.02
6.264,-0.866
6.264,-0.974
6.264,-1.04
6.264,-0.979
6.264,-1.04
6.264,-0.929
6.288,-0.959
6.288,-1.01
6.288,-1.01
6.288,-1.01
6.288,-0.981
6.288,-1.02
6.288,-0.955
6.288,-1.01
6.288,-0.97
6.312,-0.994
6.312,-1
6.312,-1
6.312,-0.954
6.312,-1
6.312,-1.06
6.312,-0.985
6.312,-0.99
6.312,-0.998
6.336,-0.979
6.336,-0.903
6.336,-0.961
6.336,-0.974
6.336,-1
6.336,-0.998
6.336,-0.992
6.336,-1.01
6.36,-1.04
6.36,-1.06
6.36,-1.02
6.36,-1.03
6.36,-0.966
6.36,-1
6.36,-0.948
6.36,-0.957
6.36,-1.04
6.384,-0.987
6.384,-1.01
6.384,-1.04
6.384,-0.979
6.384,-0.968
6.384,-0.931
6.384,-0.97
6.384,-1.02
6.408,-1.07
6.408,-0.965
6.408,-0.974
6.408,-0.996
6.408,-1.03
6.408,-0.972
6.408,-0.983
6.408,-0.989
6.408,-1.01
6.432,-0.937
6.432,-1.01
6.432,-0.97
6.432,-1.03
6.432,-0.937
6.432,-0.979
6.432,-0.944
6.432,-1.04
6.432,-0.963
6.456,-0.965
6.456,-1.01
6.456,-1.04
6.456,-1.08
6.456,-1
6.456,-0.978
6.456,-0.972
6.456,-0.967
6.48,-1.01
6.48,-0.939
6.48,-0.946
6.48,-1.03
6.48,-0.963
6.48,-1.05
6.48,-0.963
6.48,-0.95
6.48,-0.963
6.504,-0.996
6.504,-0.939
6.504,-1.02
6.504,-1.02
6.504,-1
6.504,-0.989
6.504,-1.03
6.504,-1
6.504,-0.987
6.528,-0.939
6.528,-1.02
6.528,-1
6.528,-1.01
6.528,-1.01
6.528,-1
6.528,-0.98
6.528,-0.965
6.552,-0.972
6.552,-1.04
6.552,-1.02
6.552,-0.919
6.552,-1.04
6.552,-0.978
6.552,-1.01
6.552,-1.03
6.552,-1.02
6.576,-1.05
6.576,-0.985
6.576,-0.956
6.576,-0.985
6.576,-1
6.576,-0.926
6.576,-0.985
6.576,-1.09
6.576,-1.04
6.6,-0.948
6.6,-0.957
6.6,-0.987
6.6,-1.02
6.6,-0.956
6.6,-0.998
6.6,-1.03
6.6,-0.976
6.624,-0.965
6.624,-0.961
6.624,-0.97
6.624,-0.943
6.624,-0.917
6.624,-1.01
6.624,-0.972
6.624,-1.02
6.624,-1.01
6.648,-0.985
6.648,-1
6.648,-0.972
6.648,-0.95
6.648,-1.04
6.648,-1.03
6.648,-1.01
6.648,-0.963
6.672,-1.04
6.672,-1.03
6.672,-0.969
6.672,-0.963
6.672,-1.02
6.672,-0.952
6.672,-0.989
6.672,-0.96
6.672,-0.973
6.696,-0.982
6.696,-1.05
6.696,-1
6.696,-1.04
6.696,-1.03
6.696,-0.95
6.696,-0.985
6.696,-1
6.696,-0.915
6.72,-0.965
6.72,-0.991
6.72,-0.989
6.72,-0.974
6.72,-0.987
6.72,-0.987
6.72,-0.98
6.72,-1.1
6.744,-0.967
6.744,-0.989
6.744,-1.04
6.744,-0.981
6.744,-0.939
6.744,-0.978
6.744,-1.07
6.744,-0.993
6.744,-0.993
6.768,-0.993
6.768,-0.964
6.768,-0.995
6.768,-0.995
6.768,-1
6.768,-0.926
6.768,-1.02
6.768,-0.95
6.768,-0.984
6.792,-0.958
6.792,-1.07
6.792,-1.01
6.792,-0.978
6.792,-1
6.792,-0.954
6.792,-0.932
6.792,-0.984
6.816,-0.985
6.816,-1.01
6.816,-1.02
6.816,-1.03
6.816,-0.987
6.816,-1.02
6.816,-1.03
6.816,-1.04
6.816,-1.03
6.84,-0.963
6.84,-0.939
6.84,-0.97
6.84,-0.963
6.84,-1.01
6.84,-0.956
6.84,-0.954
6.84,-0.959
6.864,-0.976
6.864,-1.04
6.864,-1.05
6.864,-0.93
6.864,-0.991
6.864,-0.943
6.864,-0.985
6.864,-1.01
6.864,-1
6.888,-0.888
6.888,-0.967
6.888,-0.947
6.888,-0.991
6.888,-1.03
6.888,-1.03
6.888,-1.03
6.888,-0.904
6.888,-0.96
6.912,-0.971
6.912,-0.954
6.912,-0.965
6.912,-0.954
6.912,-1.04
6.912,-0.954
6.912,-0.976
6.912,-0.958
6.912,-0.98
6.936,-0.991
6.936,-1.01
6.936,-0.93
6.936,-0.971
6.936,-0.985
6.936,-0.987
6.936,-0.982
6.936,-0.954
6.96,-0.963
6.96,-1
6.96,-0.96
6.96,-0.971
6.96,-1.03
6.96,-0.941
6.96,-0.976
6.96,-1.09
6.96,-1.02
6.984,-0.986
6.984,-0.965
6.984,-1.07
6.984,-1
6.984,-1.02
6.984,-0.963
6.984,-1.01
6.984,-0.93
7.008,-1.07
7.008,-0.928
7.008,-0.939
7.008,-1
7.008,-1.03
7.008,-0.947
7.008,-1.02
7.008,-1.06
7.008,-0.993
7.032,-1.01
7.032,-0.963
7.032,-1.02
7.032,-0.96
7.032,-0.945
7.032,-1.01
7.032,-1
7.032,-1.05
7.032,-0.995
7.056,-0.932
7.056,-1.02
7.056,-0.916
7.056,-1
7.056,-0.897
7.056,-1
7.056,-0.927
7.056,-0.943
7.08,-0.967
7.08,-0.945
7.08,-1
7.08,-1
7.08,-1.03
7.08,-0.969
7.08,-0.999
7.08,-0.999
7.08,-1.02
7.104,-0.997
7.104,-1.05
7.104,-0.969
7.104,-1.03
7.104,-1.04
7.104,-1.03
7.104,-1.01
7.104,-0.999
7.104,-1.02
7.128,-0.977
7.128,-0.973
7.128,-0.953
7.128,-1
7.128,-0.997
7.128,-0.991
7.128,-1.01
7.128,-0.967
7.152,-1.01
7.152,-1.02
7.152,-0.991
7.152,-1.04
7.152,-0.997
7.152,-0.949
7.152,-1.03
7.152,-0.967
7.152,-1.03
7.176,-1.01
7.176,-1.01
7.176,-0.986
7.176,-0.999
7.176,-0.986
7.176,-0.978
7.176,-0.938
7.176,-0.984
7.2,-0.995
7.2,-0.992
7.2,-0.993
7.2,-1.06
7.2,-1.04
7.2,-0.971
7.2,-1
7.2,-0.997
7.2,-0.967
7.224,-0.953
7.224,-0.967
7.224,-0.982
7.224,-0.971
7.224,-0.999
7.224,-1.01
7.224,-0.993
7.224,-1
7.224,-0.929
7.248,-0.927
7.248,-1.02
7.248,-1.02
7.248,-0.988
7.248,-0.932
7.248,-0.921
7.248,-1.04
7.248,-1.05
7.272,-0.977
7.272,-1.01
7.272,-1.05
7.272,-1.01
7.272,-1
7.272,-0.999
7.272,-0.993
7.272,-0.969
7.272,-0.984
7.296,-0.925
7.296,-0.991
7.296,-1.02
7.296,-1.01
7.296,-1.01
7.296,-0.956
7.296,-1.03
7.296,-1
7.296,-1
7.32,-1.1
7.32,-0.925
7.32,-1.01
7.32,-1.03
7.32,-1.05
7.32,-1.04
7.32,-1.05
7.32,-1.04
7.344,-1.02
7.344,-1.02
7.344,-0.971
7.344,-0.941
7.344,-0.936
7.344,-1.03
7.344,-1.07
7.344,-1.01
7.344,-0.993
7.368,-1.03
7.368,-0.962
7.368,-1.07
7.368,-1.02
7.368,-0.962
7.368,-0.995
7.368,-0.999
7.368,-0.98
7.368,-0.98
7.392,-0.978
7.392,-1.01
7.392,-1.08
7.392,-0.936
7.392,-0.947
7.392,-1.04
7.392,-0.923
7.392,-0.984
7.416,-1.08
7.416,-0.978
7.416,-0.969
7.416,-1.05
7.416,-1.02
7.416,-0.932
7.416,-1.04
7.416,-0.939
7.416,-1.01
7.44,-0.96
7.44,-0.943
7.44,-0.973
7.44,-1.01
7.44,-0.995
7.44,-1.06
7.44,-1.05
7.44,-1.02
7.44,-0.975
7.464,-0.975
7.464,-0.958
7.464,-0.969
7.464,-0.993
7.464,-1.02
7.464,-0.989
7.464,-1
7.464,-0.941
7.488,-0.967
7.488,-1.01
7.488,-1.05
7.488,-1.01
7.488,-1.02
7.488,-0.971
7.488,-0.995
7.488,-0.945
7.488,-1.01
7.512,-0.938
7.512,-1.01
7.512,-0.956
7.512,-0.939
7.512,-1.01
7.512,-0.984
7.512,-0.997
7.512,-0.989
7.512,-1.04
7.536,-0.934
7.536,-0.967
7.536,-0.989
7.536,-1.04
7.536,-0.926
7.536,-1.05
7.536,-1.05
7.536,-1.04
7.56,-1
7.56,-1.01
7.56,-1.08
7.56,-1.05
7.56,-0.973
7.56,-0.993
7.56,-1.05
7.56,-0.976
7.56,-0.945
7.584,-0.971
7.584,-1.01
7.584,-1.01
7.584,-1.04
7.584,-0.882
7.584,-0.969
7.584,-0.958
7.584,-1.04
7.608,-0.941
7.608,-0.956
7.608,-0.973
7.608,-0.962
7.608,-1.04
7.608,-1.05
7.608,-1.01
7.608,-1.03
7.608,-0.938
7.632,-0.977
7.632,-0.938
7.632,-1.05
7.632,-0.982
7.632,-0.991
7.632,-1.03
7.632,-0.982
7.632,-0.991
7.632,-0.988
7.656,-0.988
7.656,-0.99
7.656,-1.01
7.656,-0.962
7.656,-0.958
7.656,-1.04
7.656,-0.993
7.656,-1.03
7.68,-0.993
7.68,-1
7.68,-1.04
7.68,-1.04
7.68,-0.956
7.68,-0.967
7.68,-0.91
7.68,-1.01
7.68,-1
7.704,-1.04
7.704,-1.05
7.704,-1
7.704,-0.984
7.704,-1.03
7.704,-0.984
7.704,-0.945
7.704,-1.02
7.704,-1.05
7.728,-1.05
7.728,-0.971
7.728,-0.975
7.728,-1.03
7.728,-1.05
7.728,-1
7.728,-0.967
7.728,-0.997
7.752,-1.03
7.752,-1.04
7.752,-0.971
7.752,-0.982
7.752,-0.94
7.752,-1.02
7.752,-0.962
7.752,-0.958
7.752,-0.964
7.776,-1.01
7.776,-0.89
7.776,-1.05
7.776,-1
7.776,-0.973
7.776,-1
7.776,-1.05
7.776,-0.978
7.8,-1.02
7.8,-1.03
7.8,-0.93
7.8,-0.98
7.8,-1.01
7.8,-0.956
7.8,-0.978
7.8,-0.951
7.8,-0.94
7.824,-1
7.824,-0.945
7.824,-1.08
7.824,-0.91
7.824,-1.02
7.824,-1.03
7.824,-1.04
7.824,-1.04
7.824,-1.04
7.848,-0.973
7.848,-0.995
7.848,-0.995
7.848,-0.973
7.848,-0.98
7.848,-0.997
7.848,-0.975
7.848,-0.971
7.872,-1.05
7.872,-1
7.872,-1.01
7.872,-0.92
7.872,-0.907
7.872,-1.03
7.872,-0.986
7.872,-1.02
7.872,-0.966
7.896,-0.914
7.896,-1
7.896,-1.03
7.896,-1.01
7.896,-1.02
7.896,-0.975
7.896,-1.01
7.896,-0.99
7.896,-0.986
7.92,-0.959
7.92,-1
7.92,-1.04
7.92,-1.06
7.92,-1.09
7.92,-1.02
7.92,-0.949
7.92,-0.927
7.944,-1.04
7.944,-1.03
7.944,-1
7.944,-1.04
7.944,-0.984
7.944,-0.942
7.944,-1.04
7.944,-1.07
7.944,-0.988
7.968,-0.986
7.968,-0.995
7.968,-0.977
7.968,-1.01
7.968,-0.936
7.968,-1.06
7.968,-1.01
7.968,-0.951
7.968,-0.96
7.992,-1.07
7.992,-0.964
7.992,-0.999
7.992,-0.988
7.992,-0.961
7.992,-0.959
7.992,-0.966
7.992,-0.96
8.016,-0.972
8.016,-1.01
8.016,-0.948
8.016,-0.99
8.016,-1.08
8.016,-0.998
8.016,-1
8.016,-0.961
8.016,-1.02
8.04,-1.04
8.04,-1.04
8.04,-1.01
8.04,-1.01
8.04,-1.01
8.04,-0.961
8.04,-0.961
8.04,-1.03
8.04,-1.03
8.064,-1.02
8.064,-0.966
8.064,-0.938
8.064,-0.973
8.064,-1.04
8.064,-1
8.064,-0.995
8.064,-1.04
8.088,-0.975
8.088,-1.01
8.088,-0.955
8.088,-0.922
8.088,-0.981
8.088,-0.942
8.088,-0.949
8.088,-1.06
8.088,-1.03
8.112,-0.916
8.112,-1.02
8.112,-0.97
8.112,-0.926
8.112,-1.08
8.112,-1.04
8.112,-0.942
8.112,-1.01
8.136,-1.03
8.136,-0.968
8.136,-0.924
8.136,-0.938
8.136,-0.935
8.136,-0.984
8.136,-0.984
8.136,-0.983
8.136,-0.986
8.16,-0.951
8.16,-0.997
8.16,-1.03
8.16,-0.959
8.16,-0.977
8.16,-1.01
8.16,-1
8.16,-1.01
8.16,-1.02
8.184,-0.959
8.184,-1.03
8.184,-1.01
8.184,-0.959
8.184,-1.01
8.184,-1.04
8.184,-1.03
8.184,-1.03
8.208,-1.08
8.208,-1.01
8.208,-0.982
8.208,-0.964
8.208,-1.03
8.208,-0.953
8.208,-0.984
8.208,-1.01
8.208,-1.05
8.232,-1.01
8.232,-0.988
8.232,-1.04
8.232,-1
8.232,-1.03
8.232,-1.01
8.232,-1
8.232,-0.973
8.232,-0.96
8.256,-1.04
8.256,-0.995
8.256,-0.968
8.256,-0.982
8.256,-0.968
8.256,-1.04
8.256,-1.03
8.256,-1.06
8.28,-1.07
8.28,-0.982
8.28,-1.02
8.28,-0.979
8.28,-1.05
8.28,-1.01
8.28,-1.01
8.28,-0.887
8.28,-1
8.304,-1.07
8.304,-0.944
8.304,-1
8.304,-1.06
8.304,-0.896
8.304,-0.992
8.304,-0.942
8.304,-1.05
8.304,-1.08
8.328,-0.995
8.328,-1.04
8.328,-1.01
8.328,-1.06
8.328,-0.994
8.328,-0.898
8.328,-0.99
8.328,-1.01
8.352,-1.01
8.352,-0.984
8.352,-1.03
8.352,-0.942
8.352,-0.99
8.352,-1.04
8.352,-1.03
8.352,-1.01
8.352,-0.981
8.376,-0.999
8.376,-0.986
8.376,-0.988
8.376,-1
8.376,-1.03
8.376,-0.92
8.376,-1.03
8.376,-1.03
8.376,-0.975
8.4,-0.982
8.4,-0.958
8.4,-0.914
8.4,-1.02
8.4,-0.984
8.4,-1.04
8.4,-1.02
8.4,-0.97
8.424,-0.997
8.424,-0.986
8.424,-0.979
8.424,-0.995
8.424,-0.988
8.424,-0.99
8.424,-1
8.424,-0.927
8.424,-0.927
8.448,-1.02
8.448,-0.96
8.448,-1.06
8.448,-1.04
8.448,-1
8.448,-0.953
8.448,-1.02
8.448,-0.988
8.472,-0.973
8.472,-1.01
8.472,-0.955
8.472,-0.993
8.472,-1
8.472,-0.962
8.472,-0.977
8.472,-1.1
8.472,-0.955
8.496,-0.942
8.496,-0.944
8.496,-0.96
8.496,-0.988
8.496,-0.981
8.496,-0.964
8.496,-0.975
8.496,-1.01
8.496,-0.99
8.52,-0.958
8.52,-1.01
8.52,-1
8.52,-1.09
8.52,-0.982
8.52,-1.01
8.52,-0.977
8.52,-1.02
8.544,-0.968
8.544,-1.04
8.544,-0.953
8.544,-0.984
8.544,-1.05
8.544,-0.974
8.544,-1.05
8.544,-1.08
8.544,-0.944
8.568,-1.05
8.568,-1.03
8.568,-1.01
8.568,-0.986
8.568,-1.03
8.568,-0.946
8.568,-0.984
8.568,-0.975
8.568,-1.04
8.592,-1.01
8.592,-1.02
8.592,-1.05
8.592,-0.994
8.592,-0.957
8.592,-0.988
8.592,-0.957
8.592,-0.977
8.616,-0.984
8.616,-0.979
8.616,-0.955
8.616,-1.01
8.616,-0.972
8.616,-1.02
8.616,-1.05
8.616,-0.933
8.616,-1.05
8.64,-0.968
8.64,-1.03
8.64,-1.01
8.64,-1.01
8.64,-1.03
8.64,-0.959
8.64,-1.05
8.64,-1.01
8.664,-0.986
8.664,-0.946
8.664,-1.03
8.664,-1.02
8.664,-1.06
8.664,-1
8.664,-1.05
8.664,-1.04
8.664,-1.05
8.688,-1.02
8.688,-0.975
8.688,-0.951
8.688,-1.01
8.688,-1.03
8.688,-1.01
8.688,-1.03
8.688,-1.02
8.688,-0.97
8.712,-1.02
8.712,-0.949
8.712,-0.949
8.712,-1.02
8.712,-0.926
8.712,-0.953
8.712,-0.986
8.712,-0.979
8.736,-0.97
8.736,-0.946
8.736,-0.984
8.736,-0.951
8.736,-0.927
8.736,-0.988
8.736,-1.01
8.736,-0.997
8.736,-1.02
8.76,-1.08
8.76,-1.06
8.76,-1.08
8.76,-1.04
8.76,-0.986
8.76,-0.894
8.76,-0.931
8.76,-1.02
8.76,-0.995
8.784,-1.01
8.784,-1.01
8.784,-1.03
8.784,-0.971
8.784,-1.04
8.784,-1
8.784,-0.914
8.784,-0.916
8.808,-1.06
8.808,-1.02
8.808,-0.964
8.808,-0.966
8.808,-1.07
8.808,-0.962
8.808,-0.94
8.808,-1.03
8.808,-1.01
8.832,-0.909
8.832,-1.04
8.832,-0.968
8.832,-1
8.832,-0.968
8.832,-0.933
8.832,-0.885
8.832,-0.979
8.832,-1.07
8.856,-0.964
8.856,-1.04
8.856,-1.02
8.856,-0.955
8.856,-0.958
8.856,-1.01
8.856,-0.959
8.856,-0.949
8.88,-0.933
8.88,-0.962
8.88,-0.955
8.88,-1.05
8.88,-0.999
8.88,-1.06
8.88,-0.979
8.88,-1
8.88,-0.988
8.904,-1.04
8.904,-0.957
8.904,-1.05
8.904,-1
8.904,-1.02
8.904,-0.966
8.904,-0.997
8.904,-0.981
8.904,-1.03
8.928,-0.959
8.928,-0.959
8.928,-0.964
8.928,-0.975
8.928,-0.964
8.928,-0.96
8.928,-1.03
8.928,-0.997
8.952,-0.966
8.952,-0.977
8.952,-0.984
8.952,-1.03
8.952,-0.951
8.952,-0.97
8.952,-0.979
8.952,-1.01
8.952,-0.933
8.976,-1.05
8.976,-1.03
8.976,-0.974
8.976,-1.03
8.976,-1.04
8.976,-1.01
8.976,-0.97
8.976,-0.922
8.976,-1
9,-0.938
9,-0.951
9,-0.973
9,-0.962
9,-1.02
9,-0.957
9,-1
9,-0.981
9.024,-0.966
9.024,-1.04
9.024,-1.01
9.024,-0.953
9.024,-0.997
9.024,-0.992
9.024,-0.977
9.024,-0.984
9.024,-1.02
9.048,-0.927
9.048,-1.02
9.048,-0.959
9.048,-0.959
9.048,-0.977
9.048,-0.949
9.048,-1.12
9.048,-0.937
9.072,-1.02
9.072,-1.03
9.072,-1.05
9.072,-1.05
9.072,-0.988
9.072,-0.996
9.072,-1.08
9.072,-0.986
9.072,-0.986
9.096,-0.981
9.096,-1.04
9.096,-0.975
9.096,-0.977
9.096,-1.03
9.096,-0.918
9.096,-0.988
9.096,-0.983
9.096,-0.977
9.12,-0.933
9.12,-1.02
9.12,-0.972
9.12,-1.03
9.12,-0.964
9.12,-1.02
9.12,-0.946
9.12,-1.03
9.144,-0.935
9.144,-0.966
9.144,-0.959
9.144,-1.05
9.144,-0.979
9.144,-0.944
9.144,-1.01
9.144,-0.97
9.144,-0.914
9.168,-0.997
9.168,-1.03
9.168,-1
9.168,-0.942
9.168,-0.977
9.168,-0.985
9.168,-1.01
9.168,-1.01
9.168,-0.957
9.192,-1.05
9.192,-1
9.192,-0.999
9.192,-0.948
9.192,-0.968
9.192,-1.02
9.192,-0.977
9.192,-0.957
9.216,-0.944
9.216,-0.983
9.216,-1.09
9.216,-0.986
9.216,-0.955
9.216,-0.983
9.216,-1.01
9.216,-1.02
9.216,-1.06
9.24,-0.998
9.24,-0.977
9.24,-0.961
9.24,-1.01
9.24,-1.05
9.24,-1
9.24,-1.01
9.24,-0.977
9.264,-0.981
9.264,-0.981
9.264,-0.986
9.264,-0.975
9.264,-0.99
9.264,-0.981
9.264,-1
9.264,-1
9.264,-0.979
9.288,-1.05
9.288,-1.04
9.288,-0.957
9.288,-0.988
9.288,-0.883
9.288,-1.07
9.288,-0.99
9.288,-1.02
9.288,-1.06
9.312,-0.992
9.312,-0.944
9.312,-0.979
9.312,-1.02
9.312,-1.05
9.312,-1.02
9.312,-0.986
9.312,-1.03
9.312,-1.02
9.336,-0.964
9.336,-1.03
9.336,-1.02
9.336,-0.966
9.336,-0.994
9.336,-0.966
9.336,-0.959
9.336,-0.951
9.36,-1.03
9.36,-1.05
9.36,-0.986
9.36,-1.07
9.36,-0.948
9.36,-0.944
9.36,-1.01
9.36,-0.953
9.36,-0.994
9.384,-0.999
9.384,-1.01
9.384,-1.02
9.384,-1.02
9.384,-1.07
9.384,-1.06
9.384,-1.01
9.384,-1
9.408,-0.99
9.408,-1.02
9.408,-1.05
9.408,-1.06
9.408,-0.955
9.408,-0.929
9.408,-0.968
9.408,-1.02
9.408,-1.02
9.432,-0.986
9.432,-0.968
9.432,-1.03
9.432,-1.01
9.432,-0.994
9.432,-0.981
9.432,-0.959
9.432,-0.974
9.432,-1.03
9.456,-1.04
9.456,-0.975
9.456,-1
9.456,-1.08
9.456,-0.972
9.456,-1.06
9.456,-0.933
9.456,-1.05
9.48,-0.955
9.48,-1.03
9.48,-0.966
9.48,-1.02
9.48,-0.988
9.48,-0.961
9.48,-0.992
9.48,-1
9.48,-0.966
9.504,-1.02
9.504,-0.948
9.504,-1.01
9.504,-0.979
9.504,-0.974
9.504,-1.07
9.504,-1.03
9.504,-1.1
9.504,-1.06
9.528,-0.95
9.528,-1.01
9.528,-1.01
9.528,-1.01
9.528,-1.07
9.528,-1.02
9.528,-0.981
9.528,-1.01
9.552,-0.977
9.552,-1.1
9.552,-1.01
9.552,-1.05
9.552,-1.02
9.552,-1.02
9.552,-0.935
9.552,-0.998
9.552,-0.913
9.576,-0.922
9.576,-0.909
9.576,-0.966
9.576,-0.987
9.576,-0.955
9.576,-1.04
9.576,-1.05
9.576,-1.02
9.576,-1.04
9.6,-1
9.6,-1
9.6,-1.03
9.6,-1.06
9.6,-1.04
9.6,-1.06
9.6,-0.97
9.6,-0.972
9.624,-1.02
9.624,-1.02
9.624,-0.957
9.624,-1
9.624,-1.02
9.624,-1.05
9.624,-0.97
9.624,-0.99
9.624,-1.01
9.648,-0.992
9.648,-0.922
9.648,-1.01
9.648,-1
9.648,-0.966
9.648,-1.02
9.648,-0.996
9.648,-1.03
9.672,-1.05
9.672,-1
9.672,-1.02
9.672,-1.07
9.672,-0.981
9.672,-0.972
9.672,-0.955
9.672,-1.04
9.672,-0.964
9.696,-0.959
9.696,-1.03
9.696,-0.966
9.696,-1.01
9.696,-0.994
9.696,-0.961
9.696,-1
9.696,-0.937
9.696,-1.01
9.72,-0.985
9.72,-1.01
9.72,-1
9.72,-1.05
9.72,-0.996
9.72,-0.981
9.72,-0.979
9.72,-0.996
9.744,-1.01
9.744,-0.985
9.744,-0.952
9.744,-0.979
9.744,-0.979
9.744,-0.994
9.744,-0.935
9.744,-0.959
9.744,-0.965
9.768,-0.915
9.768,-0.97
9.768,-1.02
9.768,-1.03
9.768,-0.974
9.768,-0.924
9.768,-0.979
9.768,-0.952
9.768,-0.957
9.792,-0.963
9.792,-0.998
9.792,-0.996
9.792,-1.02
9.792,-1
9.792,-0.983
9.792,-0.992
9.792,-1
9.816,-1.02
9.816,-0.93
9.816,-0.967
9.816,-0.946
9.816,-0.992
9.816,-0.983
9.816,-0.998
9.816,-0.957
9.816,-0.985
9.84,-1.03
9.84,-0.996
9.84,-0.932
9.84,-0.952
9.84,-0.956
9.84,-0.965
9.84,-0.989
9.84,-0.941
9.864,-1.04
9.864,-1.12
9.864,-0.976
9.864,-1.01
9.864,-0.939
9.864,-0.943
9.864,-0.917
9.864,-0.996
9.864,-0.928
9.888,-1.04
9.888,-0.944
9.888,-0.961
9.888,-0.919
9.888,-1.04
9.888,-1.02
9.888,-0.939
9.888,-0.944
9.888,-1
9.912,-1.01
9.912,-0.981
9.912,-1.06
9.912,-1.02
9.912,-0.965
9.912,-1
9.912,-1.02
9.912,-1.03
9.912,-0.985
9.936,-0.965
9.936,-1.01
9.936,-1.03
9.936,-0.884
9.936,-1.02
9.936,-0.965
9.936,-0.935
9.936,-0.99
9.96,-0.99
9.96,-0.955
9.96,-0.952
9.96,-0.95
9.96,-1.02
9.96,-1.07
9.96,-1.01
9.96,-1.08
9.96,-1.05
9.984,-1
9.984,-0.939
9.984,-0.954
9.984,-1.05
9.984,-0.937
9.984,-0.992
9.984,-0.922
9.984,-1.02
10.008,-1.02
10.008,-1
10.008,-0.977
10.008,-1.03
10.008,-1.04
10.008,-0.985
10.008,-0.968
10.008,-0.937
10.008,-1.05
10.032,-0.926
10.032,-1.01
10.032,-0.985
10.032,-0.981
10.032,-0.996
10.032,-0.965
10.032,-0.992
10.032,-0.972
10.032,-0.983
10.056,-0.992
10.056,-1.01
10.056,-1
10.056,-0.906
10.056,-1
10.056,-1.03
10.056,-0.95
10.056,-0.992
10.08,-1.04
10.08,-1.02
10.08,-0.985
10.08,-0.941
10.08,-0.989
10.08,-1.02
10.08,-1.03
10.08,-1.03
10.08,-1.01
10.104,-0.895
10.104,-1
10.104,-0.937
10.104,-1
10.104,-0.961
10.104,-0.946
10.104,-1.01
10.104,-0.996
10.104,-0.961
10.128,-1
10.128,-0.994
10.128,-0.992
10.128,-0.97
10.128,-0.985
10.128,-0.987
10.128,-0.968
10.128,-0.994
10.152,-1.02
10.152,-0.906
10.152,-0.948
10.152,-1
10.152,-1.06
10.152,-1.01
10.152,-1.02
10.152,-1.02
10.152,-0.904
10.176,-0.981
10.176,-1.05
10.176,-1
10.176,-0.994
10.176,-1.03
10.176,-1.02
10.176,-0.965
10.176,-1.03
10.2,-0.97
10.2,-0.996
10.2,-0.904
10.2,-0.919
10.2,-0.967
10.2,-0.952
10.2,-1.07
10.2,-0.961
10.2,-1.02
10.224,-0.891
10.224,-0.992
10.224,-0.93
10.224,-0.974
10.224,-1.02
10.224,-0.985
10.224,-1
10.224,-0.959
10.224,-0.967
10.248,-0.983
10.248,-1.04
10.248,-0.954
10.248,-0.978
10.248,-0.985
10.248,-0.943
10.248,-1.02
10.248,-1.02
10.272,-1.03
10.272,-1.01
10.272,-0.992
10.272,-0.952
10.272,-0.939
10.272,-0.961
10.272,-0.906
10.272,-0.95
10.272,-0.95
10.296,-1.02
10.296,-0.983
10.296,-0.915
10.296,-0.965
10.296,-0.939
10.296,-0.994
10.296,-1.06
10.296,-1.01
10.296,-0.985
10.32,-1.02
10.32,-0.917
10.32,-1
10.32,-1.07
10.32,-1.06
10.32,-0.996
10.32,-0.941
10.32,-0.959
10.344,-0.983
10.344,-1.02
10.344,-0.944
10.344,-0.957
10.344,-1.03
10.344,-0.994
10.344,-1.01
10.344,-0.959
10.344,-0.952
10.368,-0.957
10.368,-1.05
10.368,-0.992
10.368,-0.926
10.368,-0.989
10.368,-1.06
10.368,-0.939
10.368,-0.994
10.368,-1.02
10.392,-0.981
10.392,-0.992
10.392,-0.985
10.392,-1.02
10.392,-1.03
10.392,-0.998
10.392,-0.97
10.392,-1.02
10.416,-0.946
10.416,-0.994
10.416,-0.944
10.416,-0.944
10.416,-0.97
10.416,-1.04
10.416,-0.946
10.416,-1.04
10.416,-1.04
10.44,-0.933
10.44,-0.935
10.44,-1.07
10.44,-0.944
10.44,-0.915
10.44,-0.976
10.44,-1.08
10.44,-1.01
10.44,-0.944
10.464,-1.03
10.464,-0.979
10.464,-1.04
10.464,-1.1
10.464,-1.02
10.464,-0.891
10.464,-0.987
10.464,-0.998
10.488,-1.12
10.488,-1
10.488,-1.06
10.488,-0.952
10.488,-0.926
10.488,-0.946
10.488,-0.952
10.488,-1
10.488,-0.994
10.512,-0.97
10.512,-0.992
10.512,-1.01
10.512,-1.13
10.512,-1.02
10.512,-0.981
10.512,-0.952
10.512,-0.998
10.512,-0.965
10.536,-1.01
10.536,-0.979
10.536,-0.972
10.536,-0.924
10.536,-1
10.536,-0.966
10.536,-0.959
10.536,-1.04
10.56,-0.983
10.56,-0.922
10.56,-0.979
10.56,-1.03
10.56,-1.03
10.56,-1
10.56,-1.02
10.56,-1.03
10.56,-0.998
10.584,-1.04
10.584,-1.02
10.584,-0.948
10.584,-0.928
10.584,-0.979
10.584,-1.01
10.584,-0.965
10.584,-1.01
10.608,-0.989
10.608,-0.974
10.608,-0.994
10.608,-1.01
10.608,-0.941
10.608,-1.09
10.608,-0.979
10.608,-0.965
10.608,-0.974
10.632,-0.987
10.632,-1.03
10.632,-0.948
10.632,-1.04
10.632,-0.972
10.632,-0.963
10.632,-1.01
10.632,-0.974
10.632,-1.01
10.656,-1.03
10.656,-0.917
10.656,-0.957
10.656,-0.963
10.656,-0.961
10.656,-0.926
10.656,-0.97
10.656,-1.02
10.68,-1.05
10.68,-0.987
10.68,-1.04
10.68,-1.04
10.68,-0.944
10.68,-1.01
10.68,-0.972
10.68,-1.03
10.68,-0.948
10.704,-0.974
10.704,-1
10.704,-0.97
10.704,-0.957
10.704,-1.01
10.704,-1.01
10.704,-0.926
10.704,-0.95
10.704,-0.935
10.728,-1.06
10.728,-1.07
10.728,-0.935
10.728,-1.03
10.728,-0.941
10.728,-1.06
10.728,-1
10.728,-0.983
10.752,-0.963
10.752,-0.956
10.752,-0.941
10.752,-1
10.752,-1
10.752,-0.967
10.752,-1.01
10.752,-0.97
10.752,-0.924
10.776,-1.07
10.776,-1.05
10.776,-0.899
10.776,-1
10.776,-0.974
10.776,-0.954
10.776,-1.01
10.776,-1.03
10.8,-1.01
10.8,-0.873
10.8,-0.992
10.8,-1.01
10.8,-1.03
10.8,-0.989
10.8,-0.996
10.8,-1.06
10.8,-1
10.824,-1
10.824,-1.03
10.824,-0.985
10.824,-0.948
10.824,-0.911
10.824,-0.965
10.824,-1.06
10.824,-0.937
10.824,-1.02
10.848,-1.09
10.848,-0.919
10.848,-0.961
10.848,-0.935
10.848,-1.06
10.848,-1.07
10.848,-0.985
10.848,-1.01
10.872,-1.01
10.872,-0.998
10.872,-1.01
10.872,-1.04
10.872,-0.972
10.872,-1.02
10.872,-0.948
10.872,-1.02
10.872,-1.02
10.896,-0.948
10.896,-0.981
10.896,-0.965
10.896,-0.987
10.896,-0.985
10.896,-0.941
10.896,-0.965
10.896,-1.03
10.896,-1.04
10.92,-0.961
10.92,-1.02
10.92,-1.02
10.92,-0.924
10.92,-0.959
10.92,-0.967
10.92,-0.959
10.92,-1
10.944,-0.956
10.944,-0.972
10.944,-1.08
10.944,-1.02
10.944,-1.02
10.944,-0.994
10.944,-0.965
10.944,-0.963
10.944,-0.954
10.968,-0.956
10.968,-0.989
10.968,-0.976
10.968,-0.935
10.968,-0.935
10.968,-0.945
10.968,-0.994
10.968,-0.976
10.968,-1.06
10.992,-1.04
10.992,-0.987
10.992,-0.98
10.992,-0.98
10.992,-0.947
10.992,-0.943
10.992,-1.01
10.992,-0.932
11.016,-0.965
11.016,-0.925
11.016,-0.928
11.016,-0.976
11.016,-0.932
11.016,-0.978
11.016,-1.01
11.016,-1
11.016,-0.989
11.04,-0.939
11.04,-0.926
11.04,-0.943
11.04,-0.974
11.04,-1
11.04,-0.965
11.04,-0.991
11.04,-1
11.04,-0.884
11.064,-1
11.064,-0.934
11.064,-1.03
11.064,-1.02
11.064,-0.846
11.064,-1.02
11.064,-0.982
11.064,-1.01
11.088,-1.02
11.088,-0.961
11.088,-1
11.088,-0.972
11.088,-0.906
11.088,-1
11.088,-0.991
11.088,-0.93
11.088,-0.958
11.112,-0.998
11.112,-0.998
11.112,-0.993
11.112,-0.938
11.112,-0.965
11.112,-1.02
11.112,-1.02
11.112,-0.969
11.136,-1
11.136,-1.01
11.136,-0.982
11.136,-1.02
11.136,-0.967
11.136,-1
11.136,-1.02
11.136,-1.03
11.136,-0.989
11.16,-1.01
11.16,-1.01
11.16,-0.991
11.16,-0.986
11.16,-1.03
11.16,-0.965
11.16,-0.952
11.16,-0.976
11.16,-0.954
11.184,-0.936
11.184,-0.989
11.184,-1.02
11.184,-1.02
11.184,-0.941
11.184,-0.949
11.184,-0.967
11.184,-0.993
11.208,-1.03
11.208,-1.1
11.208,-1.01
11.208,-0.991
11.208,-0.971
11.208,-0.978
11.208,-0.949
11.208,-0.993
11.208,-1.05
11.232,-1.06
11.232,-0.945
11.232,-1.04
11.232,-1.01
11.232,-1.04
11.232,-1.01
11.232,-1.05
11.232,-0.936
11.232,-1.01
11.256,-0.998
11.256,-0.998
11.256,-1.04
11.256,-0.962
11.256,-0.976
11.256,-0.963
11.256,-1.03
11.256,-0.932
11.28,-1.05
11.28,-0.947
11.28,-0.941
11.28,-0.914
11.28,-1.06
11.28,-0.995
11.28,-0.995
11.28,-1.01
11.28,-1.02
11.304,-0.969
11.304,-1
11.304,-0.996
11.304,-0.978
11.304,-0.93
11.304,-0.936
11.304,-0.954
11.304,-1.03
11.304,-0.987
11.328,-0.989
11.328,-0.972
11.328,-1.06
11.328,-1
11.328,-0.982
11.328,-1.01
11.328,-0.888
11.328,-0.921
11.352,-1.02
11.352,-1.04
11.352,-0.952
11.352,-0.954
11.352,-1.02
11.352,-0.941
11.352,-1.01
11.352,-0.934
11.352,-0.936
11.376,-0.947
11.376,-0.932
11.376,-0.954
11.376,-0.987
11.376,-0.965
11.376,-0.982
11.376,-0.971
11.376,-1.07
11.376,-0.958
11.4,-0.987
11.4,-0.892
11.4,-0.943
11.4,-0.996
11.4,-1.07
11.4,-1
11.4,-0.958
11.4,-1.05
11.424,-0.969
11.424,-1
11.424,-0.978
11.424,-1.05
11.424,-1
11.424,-0.958
11.424,-1.04
11.424,-0.993
11.424,-1.02
11.448,-0.996
11.448,-1.02
11.448,-1.04
11.448,-1.05
11.448,-1.02
11.448,-1.02
11.448,-0.978
11.448,-1.08
11.472,-1.04
11.472,-0.985
11.472,-0.937
11.472,-0.998
11.472,-1.01
11.472,-0.972
11.472,-0.959
11.472,-1.01
11.472,-0.963
11.496,-0.991
11.496,-0.987
11.496,-0.974
11.496,-1
11.496,-1.02
11.496,-1.02
11.496,-1.03
11.496,-0.943
11.496,-0.939
11.52,-0.934
11.52,-0.97
11.52,-0.91
11.52,-0.97
11.52,-0.978
11.52,-1.03
11.52,-1.02
11.52,-0.994
11.544,-0.91
11.544,-1.02
11.544,-0.945
11.544,-0.967
11.544,-1.03
11.544,-0.996
11.544,-0.974
11.544,-0.998
11.544,-0.98
11.568,-0.987
11.568,-1.09
11.568,-0.95
11.568,-1
11.568,-0.952
11.568,-0.956
11.568,-1.02
11.568,-0.908
11.568,-0.943
11.592,-0.919
11.592,-0.991
11.592,-1.05
11.592,-0.967
11.592,-0.937
11.592,-0.958
11.592,-1.06
11.592,-0.993
11.616,-0.921
11.616,-1.05
11.616,-1.03
11.616,-0.965
11.616,-0.934
11.616,-0.981
11.616,-1
11.616,-1.02
11.616,-0.989
11.64,-1.01
11.64,-0.998
11.64,-0.926
11.64,-0.985
11.64,-0.935
11.64,-0.95
11.64,-1.02
11.64,-0.932
11.664,-1.01
11.664,-0.985
11.664,-0.982
11.664,-0.983
11.664,-1.02
11.664,-0.954
11.664,-1.01
11.664,-0.985
11.664,-0.978
11.688,-1.02
11.688,-1.01
11.688,-1.06
11.688,-0.991
11.688,-0.908
11.688,-0.959
11.688,-1
11.688,-1.04
11.688,-0.956
11.712,-0.972
11.712,-1.01
11.712,-0.996
11.712,-1.05
11.712,-1.01
11.712,-1.03
11.712,-0.961
11.712,-0.974
11.736,-0.952
11.736,-1.02
11.736,-0.965
11.736,-0.965
11.736,-0.948
11.736,-0.978
11.736,-0.978
11.736,-0.998
11.736,-1.03
11.76,-1.07
11.76,-0.932
11.76,-1.02
11.76,-0.982
11.76,-0.954
11.76,-0.993
11.76,-0.967
11.76,-0.996
11.76,-0.985
11.784,-1.05
11.784,-0.941
11.784,-1.03
11.784,-0.982
11.784,-0.954
11.784,-0.908
11.784,-0.963
11.784,-0.93
11.808,-1.03
11.808,-1
11.808,-0.976
11.808,-1.03
11.808,-1.03
11.808,-0.971
11.808,-0.93
11.808,-0.989
11.808,-0.93
11.832,-0.921
11.832,-0.941
11.832,-1.03
11.832,-1.05
11.832,-1.04
11.832,-1.01
11.832,-0.947
11.832,-0.939
11.832,-1.01
11.856,-0.952
11.856,-1.01
11.856,-1.01
11.856,-0.967
11.856,-0.952
11.856,-0.967
11.856,-0.943
11.856,-1.06
11.88,-0.987
11.88,-1.05
11.88,-1.02
11.88,-0.972
11.88,-0.96
11.88,-1.01
11.88,-1.07
11.88,-0.993
11.88,-1.01
11.904,-0.984
11.904,-0.947
11.904,-0.941
11.904,-1.09
11.904,-1.03
11.904,-1.04
11.904,-0.936
11.904,-0.987
11.904,-1.07
11.928,-0.98
11.928,-0.916
11.928,-1.03
11.928,-1
11.928,-0.954
11.928,-0.987
11.928,-1.03
11.928,-1.01
11.952,-0.978
11.952,-1.01
11.952,-0.958
11.952,-1.02
11.952,-0.951
11.952,-1
11.952,-0.936
11.952,-0.998
11.952,-0.985
11.976,-0.967
11.976,-0.991
11.976,-0.976
11.976,-0.952
11.976,-0.991
11.976,-0.936
11.976,-1
11.976,-0.941
11.976,-0.998
12,-1
12,-1.02
12,-0.949
12,-1.01
12,-1.01
12,-0.998
12,-1.01
12,-1.09
12.024,-1.05
12.024,-0.98
12.024,-0.976
12.024,-0.976
12.024,-0.973
12.024,-1
12.024,-1.02
12.024,-0.958
12.024,-0.936
12.048,-0.993
12.048,-0.98
12.048,-0.914
12.048,-0.984
12.048,-1.04
12.048,-0.962
12.048,-1.01
12.048,-0.96
12.072,-1.01
12.072,-0.973
12.072,-0.921
12.072,-1
12.072,-1.03
12.072,-1.01
12.072,-1.09
12.072,-0.943
12.072,-0.976
12.096,-0.965
12.096,-1.02
12.096,-1
12.096,-0.954
12.096,-0.98
12.096,-0.96
12.096,-0.98
12.096,-1.05
12.096,-0.976
12.12,-0.973
12.12,-1.04
12.12,-0.958
12.12,-0.985
12.12,-0.991
12.12,-0.993
12.12,-0.991
12.12,-0.947
12.144,-0.991
12.144,-1
12.144,-0.938
12.144,-1
12.144,-0.927
12.144,-1.04
12.144,-0.986
12.144,-1.01
12.144,-0.945
12.168,-1.03
12.168,-1.06
12.168,-0.894
12.168,-1.02
12.168,-0.954
12.168,-1
12.168,-1
12.168,-1.01
12.168,-1
12.192,-1.01
12.192,-0.964
12.192,-0.969
12.192,-0.971
12.192,-1.02
12.192,-0.921
12.192,-0.997
12.192,-0.958
12.216,-0.979
12.216,-0.94
12.216,-1.01
12.216,-1.02
12.216,-0.993
12.216,-0.965
12.216,-0.973
12.216,-0.993
12.216,-1.01
12.24,-0.993
12.24,-0.989
12.24,-0.973
12.24,-0.96
12.24,-0.997
12.24,-0.978
12.24,-1.1
12.24,-0.885
12.264,-0.969
12.264,-1.01
12.264,-1.05
12.264,-0.929
12.264,-0.964
12.264,-0.988
12.264,-0.967
12.264,-0.971
12.264,-0.989
12.288,-0.956
12.288,-0.874
12.288,-0.997
12.288,-0.971
12.288,-1.04
12.288,-0.989
12.288,-0.98
12.288,-1
12.288,-1.08
12.312,-0.991
12.312,-0.938
12.312,-1
12.312,-0.975
12.312,-0.932
12.312,-0.993
12.312,-0.949
12.312,-0.918
12.312,-0.96
12.336,-0.936
12.336,-1.05
12.336,-0.94
12.336,-0.975
12.336,-1
12.336,-1.06
12.336,-0.956
12.336,-0.907
12.36,-0.991
12.36,-1.04
12.36,-0.933
12.36,-1
12.36,-0.951
12.36,-1.04
12.36,-1.01
12.36,-0.896
12.36,-0.971
12.384,-1.01
12.384,-0.934
12.384,-1
12.384,-0.991
12.384,-0.978
12.384,-1.08
12.384,-0.988
12.384,-0.973
12.408,-0.975
12.408,-0.944
12.408,-1.04
12.408,-1.04
12.408,-0.951
12.408,-1.09
12.408,-1.02
12.408,-0.905
12.408,-0.995
12.432,-1.03
12.432,-0.962
12.432,-0.988
12.432,-1.06
12.432,-0.927
12.432,-0.94
12.432,-1.01
12.432,-0.975
12.432,-1.03
12.456,-0.98
12.456,-0.958
12.456,-0.973
12.456,-0.993
12.456,-1.03
12.456,-0.982
12.456,-0.947
12.456,-1.03
12.48,-0.978
12.48,-0.958
12.48,-1
12.48,-0.953
12.48,-0.988
12.48,-1.02
12.48,-0.956
12.48,-0.969
12.48,-0.975
12.504,-0.953
12.504,-1.04
12.504,-1.05
12.504,-0.922
12.504,-0.995
12.504,-1.03
12.504,-1.05
12.504,-0.929
12.504,-1
12.528,-0.927
12.528,-1
12.528,-0.997
12.528,-0.962
12.528,-1.08
12.528,-1.02
12.528,-1.01
12.528,-1.02
12.552,-1.05
12.552,-0.982
12.552,-0.984
12.552,-1.02
12.552,-1.03
12.552,-0.918
12.552,-0.958
12.552,-0.942
12.552,-0.991
12.576,-1.07
12.576,-1.03
12.576,-1.03
12.576,-0.931
12.576,-1.06
12.576,-0.999
12.576,-1.04
12.576,-0.964
12.576,-0.969
12.6,-0.981
12.6,-0.962
12.6,-0.977
12.6,-0.951
12.6,-1.07
12.6,-1.01
12.6,-0.97
12.6,-0.891
12.624,-0.964
12.624,-0.975
12.624,-1.05
12.624,-0.94
12.624,-0.99
12.624,-0.968
12.624,-1.04
12.624,-0.984
12.624,-0.981
12.648,-1.01
12.648,-1.01
12.648,-0.953
12.648,-1.01
12.648,-1.01
12.648,-1
12.648,-0.942
12.648,-0.997
12.672,-0.975
12.672,-1.05
12.672,-0.957
12.672,-1.07
12.672,-1.05
12.672,-1.01
12.672,-1.02
12.672,-0.935
12.672,-1.03
12.696,-0.92
12.696,-1.01
12.696,-0.992
12.696,-1.04
12.696,-1.01
12.696,-1.01
12.696,-1.03
12.696,-1.01
12.696,-1.06
12.72,-0.861
12.72,-1.02
12.72,-0.885
12.72,-1.03
12.72,-0.971
12.72,-0.988
12.72,-0.938
12.72,-1.06
12.744,-0.931
12.744,-0.968
12.744,-1.03
12.744,-1.04
12.744,-1.02
12.744,-1.02
12.744,-1.05
12.744,-0.97
12.744,-0.933
12.768,-1.02
12.768,-1.02
12.768,-1.06
12.768,-0.953
12.768,-1.01
12.768,-1.05
12.768,-1.01
12.768,-0.973
12.768,-1.02
12.792,-0.971
12.792,-1.03
12.792,-0.916
12.792,-0.94
12.792,-1.04
12.792,-0.975
12.792,-0.979
12.792,-0.922
12.816,-1.01
12.816,-1.05
12.816,-0.9
12.816,-0.953
12.816,-1.02
12.816,-0.964
12.816,-0.962
12.816,-0.99
12.816,-0.992
12.84,-0.995
12.84,-1.05
12.84,-0.988
12.84,-0.966
12.84,-1.02
12.84,-1.04
12.84,-0.944
12.84,-1.08
12.864,-0.914
12.864,-0.936
12.864,-1
12.864,-0.997
12.864,-1.05
12.864,-1
12.864,-0.997
12.864,-1
12.864,-0.999
12.888,-0.98
12.888,-1.03
12.888,-0.931
12.888,-0.986
12.888,-1.01
12.888,-0.986
12.888,-0.911
12.888,-1.05
12.888,-1.05
12.912,-0.969
12.912,-0.999
12.912,-0.988
12.912,-1.01
12.912,-0.979
12.912,-0.979
12.912,-0.997
12.912,-1.02
12.912,-0.997
12.936,-0.964
12.936,-1.01
12.936,-1.02
12.936,-1
12.936,-0.99
12.936,-1.05
12.936,-1.05
12.936,-0.953
12.96,-1.03
12.96,-1.05
12.96,-0.999
12.96,-1.01
12.96,-1.03
12.96,-1.02
12.96,-0.931
12.96,-1.02
12.96,-0.971
12.984,-0.942
12.984,-1
12.984,-0.898
12.984,-0.949
12.984,-0.949
12.984,-0.971
12.984,-1.01
12.984,-0.997
13.008,-0.916
13.008,-0.988
13.008,-1.01
13.008,-0.986
13.008,-0.999
13.008,-1.01
13.008,-0.999
13.008,-0.971
13.008,-0.894
13.032,-1.01
13.032,-0.973
13.032,-0.966
13.032,-0.991
13.032,-0.931
13.032,-0.953
13.032,-0.966
13.032,-0.993
13.032,-1.07
13.056,-0.964
13.056,-1.03
13.056,-0.951
13.056,-1.05
13.056,-1.01
13.056,-1.03
13.056,-1.01
13.056,-0.962
13.08,-0.973
13.08,-1.03
13.08,-0.977
13.08,-0.97
13.08,-1.02
13.08,-1.02
13.08,-0.988
13.08,-1.02
13.08,-1.02
13.104,-0.984
13.104,-1.03
13.104,-0.957
13.104,-0.955
13.104,-0.966
13.104,-1.05
13.104,-0.942
13.104,-1.03
13.104,-1.04
13.128,-1.03
13.128,-0.962
13.128,-0.979
13.128,-1.02
13.128,-1
13.128,-0.992
13.128,-1.03
13.128,-1.01
13.152,-0.929
13.152,-0.968
13.152,-1.01
13.152,-1.03
13.152,-0.944
13.152,-1.01
13.152,-1
13.152,-0.931
13.152,-0.911
13.176,-0.946
13.176,-1.02
13.176,-1.03
13.176,-0.966
13.176,-0.995
13.176,-0.951
13.176,-1.02
13.176,-1.01
13.2,-0.951
13.2,-0.962
13.2,-1.1
13.2,-0.99
13.2,-0.984
13.2,-0.962
13.2,-0.917
13.2,-1.06
13.2,-0.988
13.224,-0.992
13.224,-1.05
13.224,-1.02
13.224,-1.01
13.224,-1.07
13.224,-0.953
13.224,-1.02
13.224,-0.95
13.224,-1
13.248,-0.992
13.248,-0.997
13.248,-1.04
13.248,-1
13.248,-0.953
13.248,-1.05
13.248,-0.999
13.248,-0.97
13.272,-0.981
13.272,-0.996
13.272,-0.986
13.272,-1.01
13.272,-1.02
13.272,-0.983
13.272,-0.915
13.272,-1.05
13.272,-0.957
13.296,-0.997
13.296,-1
13.296,-1
13.296,-0.902
13.296,-0.981
13.296,-0.999
13.296,-1
13.296,-0.99
13.296,-1.02
13.32,-1.03
13.32,-0.981
13.32,-1.02
13.32,-0.986
13.32,-1.01
13.32,-0.964
13.32,-1.03
13.32,-1.01
13.344,-0.952
13.344,-0.99
13.344,-0.97
13.344,-1.01
13.344,-1.01
13.344,-0.97
13.344,-0.948
13.344,-1.02
13.344,-0.985
13.368,-0.913
13.368,-0.93
13.368,-1.11
13.368,-0.992
13.368,-0.981
13.368,-0.959
13.368,-0.998
13.368,-1.02
13.368,-0.948
13.392,-0.996
13.392,-1.01
13.392,-0.981
13.392,-1.02
13.392,-0.946
13.392,-0.968
13.392,-0.983
13.392,-1.02
13.416,-0.957
13.416,-0.886
13.416,-0.968
13.416,-0.935
13.416,-1.05
13.416,-0.939
13.416,-0.968
13.416,-1.04
13.416,-1.01
13.44,-0.981
13.44,-1
13.44,-0.99
13.44,-1.01
13.44,-0.961
13.44,-0.999
13.44,-0.985
13.44,-1.01
13.44,-0.948
13.464,-0.941
13.464,-1.06
13.464,-0.967
13.464,-1.03
13.464,-1.06
13.464,-1.01
13.464,-0.922
13.464,-1
13.488,-0.996
13.488,-1.03
13.488,-0.99
13.488,-1.01
13.488,-1.01
13.488,-0.987
13.488,-1
13.488,-0.943
13.488,-0.987
13.512,-0.954
13.512,-0.994
13.512,-0.972
13.512,-0.937
13.512,-1.03
13.512,-1.01
13.512,-1
13.512,-0.967
13.512,-0.939
13.536,-1.01
13.536,-1.01
13.536,-0.926
13.536,-0.937
13.536,-0.976
13.536,-1.06
13.536,-1.01
13.536,-0.959
13.56,-0.904
13.56,-0.992
13.56,-0.961
13.56,-0.967
13.56,-0.972
13.56,-1.01
13.56,-0.956
13.56,-0.963
13.56,-1.01
13.584,-1.05
13.584,-1.02
13.584,-1
13.584,-0.952
13.584,-0.924
13.584,-0.985
13.584,-0.99
13.584,-1
13.608,-1.07
13.608,-0.994
13.608,-1.09
13.608,-1
13.608,-1
13.608,-1
13.608,-0.99
13.608,-0.972
13.608,-0.987
13.632,-1.01
13.632,-1.09
13.632,-1.03
13.632,-0.961
13.632,-0.897
13.632,-0.974
13.632,-0.943
13.632,-0.983
13.632,-1.01
13.656,-1.03
13.656,-0.965
13.656,-1.02
13.656,-0.912
13.656,-1.05
13.656,-0.945
13.656,-0.923
13.656,-0.943
13.68,-1.02
13.68,-0.976
13.68,-0.952
13.68,-0.905
13.68,-0.974
13.68,-1
13.68,-0.992
13.68,-1.01
13.68,-1.03
13.704,-1
13.704,-1.01
13.704,-0.98
13.704,-1.03
13.704,-1
13.704,-1.01
13.704,-1.02
13.704,-0.985
13.704,-1.02
13.728,-1.05
13.728,-1
13.728,-0.987
13.728,-0.996
13.728,-1.02
13.728,-1.02
13.728,-0.912
13.728,-1.05
13.752,-0.967
13.752,-0.967
13.752,-1.01
13.752,-0.989
13.752,-1.03
13.752,-0.965
13.752,-1.02
13.752,-0.991
13.752,-0.994
13.776,-0.989
13.776,-0.991
13.776,-1
13.776,-1.01
13.776,-1.03
13.776,-1.02
13.776,-1.02
13.776,-1
13.8,-0.974
13.8,-0.923
13.8,-1.07
13.8,-1
13.8,-1.01
13.8,-1.01
13.8,-0.998
13.8,-1.04
13.8,-1.05
13.824,-0.956
13.824,-1.01
13.824,-0.963
13.824,-0.93
13.824,-0.978
13.824,-0.965
13.824,-0.965
13.824,-1.06
13.824,-1.04
13.848,-1.01
13.848,-1.05
13.848,-0.982
13.848,-0.947
13.848,-0.978
13.848,-0.885
13.848,-1.01
13.848,-1.02
13.872,-0.989
13.872,-0.934
13.872,-1.03
13.872,-1.03
13.872,-0.943
13.872,-1.03
13.872,-1
13.872,-0.987
13.872,-0.947
13.896,-1
13.896,-0.952
13.896,-1
13.896,-1.01
13.896,-1.03
13.896,-1.01
13.896,-0.993
13.896,-0.986
13.896,-0.993
13.92,-1.02
13.92,-0.993
13.92,-1.03
13.92,-0.924
13.92,-0.947
13.92,-0.995
13.92,-0.962
13.92,-1.08
13.944,-0.949
13.944,-0.934
13.944,-1.07
13.944,-1.05
13.944,-1.07
13.944,-0.938
13.944,-1.06
13.944,-1.03
13.944,-0.947
13.968,-0.987
13.968,-0.96
13.968,-0.947
13.968,-1.03
13.968,-1.03
13.968,-0.967
13.968,-0.975
13.968,-0.98
13.968,-0.901
13.992,-0.958
13.992,-1.01
13.992,-1.04
13.992,-1.01
13.992,-1.02
13.992,-0.993
13.992,-0.936
13.992,-1.01
14.016,-1.04
14.016,-1.02
14.016,-0.945
14.016,-0.971
14.016,-0.995
14.016,-0.975
14.016,-0.989
14.016,-1.03
14.016,-1.05
14.04,-1.01
14.04,-1
14.04,-0.991
14.04,-0.949
14.04,-0.945
14.04,-0.942
14.04,-0.971
14.04,-0.96
14.04,-0.995
14.064,-0.995
14.064,-0.94
14.064,-1.03
14.064,-1.03
14.064,-0.986
14.064,-1.02
14.064,-0.976
14.064,-1.02
14.088,-1.05
14.088,-0.986
14.088,-0.949
14.088,-1.01
14.088,-0.936
14.088,-1.05
14.088,-0.966
14.088,-0.96
14.088,-0.982
14.112,-0.949
14.112,-0.993
14.112,-0.989
14.112,-0.947
14.112,-1.11
14.112,-0.978
14.112,-1.04
14.112,-0.995
14.136,-0.98
14.136,-1.01
14.136,-0.989
14.136,-0.997
14.136,-0.964
14.136,-0.975
14.136,-1.02
14.136,-0.989
14.136,-0.995
14.16,-1.02
14.16,-0.958
14.16,-0.96
14.16,-1.07
14.16,-0.991
14.16,-0.962
14.16,-0.997
14.16,-1.05
14.16,-1.02
14.184,-1.06
14.184,-1.08
14.184,-0.978
14.184,-0.995
14.184,-1.03
14.184,-0.976
14.184,-0.971
14.184,-1.03
14.208,-1.03
14.208,-1.03
14.208,-0.973
14.208,-1.01
14.208,-1.08
14.208,-0.953
14.208,-1.01
14.208,-0.982
14.208,-0.986
14.232,-1.03
14.232,-0.973
14.232,-0.986
14.232,-1.03
14.232,-1.04
14.232,-1.01
14.232,-1
14.232,-0.984
14.232,-0.971
14.256,-1.04
14.256,-1
14.256,-0.984
14.256,-0.933
14.256,-0.958
14.256,-0.958
14.256,-0.995
14.256,-0.967
14.28,-0.973
14.28,-0.949
14.28,-0.938
14.28,-1.03
14.28,-1.04
14.28,-0.973
14.28,-1.01
14.28,-0.951
14.28,-1
14.304,-1.01
14.304,-0.984
14.304,-1.01
14.304,-0.997
14.304,-0.949
14.304,-0.927
14.304,-0.964
14.304,-1
14.304,-0.984
14.328,-0.991
14.328,-1.04
14.328,-0.936
14.328,-1.03
14.328,-0.942
14.328,-0.927
14.328,-1
14.328,-0.943
14.352,-0.962
14.352,-1.02
14.352,-1.01
14.352,-1.04
14.352,-1.02
14.352,-1.03
14.352,-0.998
14.352,-0.993
14.352,-1
14.376,-1.02
14.376,-0.94
14.376,-1.03
14.376,-1.01
14.376,-0.932
14.376,-0.984
14.376,-0.936
14.376,-0.947
14.376,-1.03
14.4,-0.989
14.4,-0.967
14.4,-1.02
14.4,-0.94
14.4,-1.03
14.4,-1.05
14.4,-1.02
14.4,-1
14.424,-0.982
14.424,-0.943
14.424,-0.958
14.424,-0.965
14.424,-0.982
14.424,-1.02
14.424,-1.04
14.424,-0.936
14.424,-0.991
14.448,-0.969
14.448,-0.98
14.448,-0.985
14.448,-1.02
14.448,-1
14.448,-0.947
14.448,-0.943
14.448,-1.02
14.472,-0.956
14.472,-0.927
14.472,-0.903
14.472,-0.991
14.472,-0.951
14.472,-0.94
14.472,-0.978
14.472,-0.963
14.472,-0.993
14.496,-0.969
14.496,-1.07
14.496,-1.03
14.496,-0.947
14.496,-0.956
14.496,-0.98
14.496,-0.985
14.496,-0.941
14.496,-1.04
14.52,-0.978
14.52,-0.932
14.52,-1.05
14.52,-1
14.52,-0.952
14.52,-1
14.52,-0.969
14.52,-0.925
14.544,-0.978
14.544,-0.96
14.544,-1.08
14.544,-0.993
14.544,-0.985
14.544,-0.976
14.544,-0.978
14.544,-0.991
14.544,-1.01
14.568,-1.01
14.568,-1.02
14.568,-0.956
14.568,-0.978
14.568,-1.06
14.568,-1.04
14.568,-0.916
14.568,-1.06
14.568,-0.998
14.592,-0.949
14.592,-1.04
14.592,-0.958
14.592,-1.01
14.592,-1.06
14.592,-0.998
14.592,-1
14.592,-0.976
14.616,-0.994
14.616,-0.991
14.616,-1.02
14.616,-0.961
14.616,-0.998
14.616,-0.961
14.616,-1.03
14.616,-1.02
14.616,-1
14.64,-0.945
14.64,-0.943
14.64,-0.991
14.64,-0.96
14.64,-1.04
14.64,-0.98
14.64,-0.907
14.64,-1.04
14.664,-1.08
14.664,-0.983
14.664,-0.958
14.664,-1.01
14.664,-0.982
14.664,-1.01
14.664,-0.941
14.664,-0.998
14.664,-0.969
14.688,-0.989
14.688,-0.991
14.688,-0.963
14.688,-1.04
14.688,-0.972
14.688,-0.945
14.688,-0.98
14.688,-1
14.688,-1.03
14.712,-1
14.712,-0.994
14.712,-0.941
14.712,-0.989
14.712,-1
14.712,-0.892
14.712,-0.974
14.712,-1.03
14.736,-0.961
14.736,-1
14.736,-0.91
14.736,-1.01
14.736,-1.02
14.736,-0.923
14.736,-0.96
14.736,-0.978
14.736,-0.934
14.76,-0.991
14.76,-1.02
14.76,-0.972
14.76,-1
14.76,-0.895
14.76,-1.08
14.76,-1.01
14.76,-1.05
14.76,-0.972
14.784,-0.961
14.784,-0.98
14.784,-1
14.784,-0.952
14.784,-1.02
14.784,-1.02
14.784,-0.943
14.784,-0.908
14.808,-0.998
14.808,-1.03
14.808,-0.916
14.808,-0.93
14.808,-0.994
14.808,-1.07
14.808,-1.02
14.808,-0.95
14.808,-0.862
14.832,-0.985
14.832,-0.987
14.832,-0.958
14.832,-1.04
14.832,-1.06
14.832,-0.976
14.832,-0.943
14.832,-0.965
14.832,-0.985
14.856,-0.989
14.856,-0.969
14.856,-1.02
14.856,-1.01
14.856,-1.01
14.856,-1.01
14.856,-0.965
14.856,-0.976
14.88,-1.03
14.88,-1
14.88,-1.05
14.88,-1.01
14.88,-0.998
14.88,-1.03
14.88,-1.01
14.88,-0.952
14.88,-0.945
14.904,-1.03
14.904,-0.954
14.904,-1.03
14.904,-1
14.904,-1.03
14.904,-0.994
14.904,-0.952
14.904,-0.934
14.904,-0.949
14.928,-1.05
14.928,-0.961
14.928,-0.974
14.928,-0.991
14.928,-1.1
14.928,-1
14.928,-0.98
14.928,-1.02
14.952,-0.978
14.952,-0.985
14.952,-1.01
14.952,-0.996
14.952,-0.972
14.952,-0.987
14.952,-0.954
14.952,-1.03
14.952,-0.947
14.976,-1.01
14.976,-1
14.976,-1.03
14.976,-1.08
14.976,-0.976
14.976,-1.03
14.976,-1
14.976,-0.972
14.976,-0.989
15,-0.921
15,-1.03
15,-1.01
15,-1
15,-0.98
15,-1
15,-0.994
15,-0.954
15.024,-1.02
15.024,-0.921
15.024,-1.07
15.024,-0.95
15.024,-0.919
15.024,-0.996
15.024,-0.98
15.024,-0.934
15.024,-0.967
15.048,-0.976
15.048,-1.05
15.048,-1.05
15.048,-0.985
15.048,-0.949
15.048,-0.963
15.048,-0.967
15.048,-1.02
15.072,-0.989
15.072,-1.01
15.072,-0.996
15.072,-0.967
15.072,-1.05
15.072,-0.956
15.072,-0.978
15.072,-1
15.072,-0.998
15.096,-0.989
15.096,-0.978
15.096,-0.983
15.096,-0.985
15.096,-0.994
15.096,-0.98
15.096,-1.06
15.096,-1.13
15.096,-1.01
15.12,-0.917
15.12,-0.954
15.12,-0.926
15.12,-1.01
15.12,-0.974
15.12,-0.994
15.12,-0.991
15.12,-1.09
15.144,-1.05
15.144,-0.958
15.144,-0.965
15.144,-1.03
15.144,-1.01
15.144,-1.07
15.144,-1.01
15.144,-0.996
15.144,-0.971
15.168,-1.01
15.168,-1.03
15.168,-0.998
15.168,-1.05
15.168,-0.967
15.168,-0.994
15.168,-1
15.168,-1.01
15.168,-1.03
15.192,-1.01
15.192,-0.985
15.192,-1.04
15.192,-1.02
15.192,-0.974
15.192,-1.06
15.192,-0.961
15.192,-1.04
15.216,-0.98
15.216,-0.985
15.216,-1.02
15.216,-0.967
15.216,-1.06
15.216,-0.897
15.216,-1.05
15.216,-1
15.216,-1.02
15.24,-1.02
15.24,-1.01
15.24,-0.945
15.24,-0.939
15.24,-1
15.24,-1
15.24,-1.01
15.24,-1.07
15.264,-0.963
15.264,-1.04
15.264,-0.983
15.264,-0.95
15.264,-0.978
15.264,-0.98
15.264,-0.994
15.264,-1.01
15.264,-0.949
15.288,-0.991
15.288,-0.965
15.288,-1.01
15.288,-0.952
15.288,-0.996
15.288,-0.965
15.288,-0.965
15.288,-1.02
15.288,-1.06
15.312,-1
15.312,-1.04
15.312,-1.03
15.312,-0.947
15.312,-1
15.312,-1.05
15.312,-1.09
15.312,-0.96
15.312,-1.03
15.336,-1.04
15.336,-0.98
15.336,-1.09
15.336,-1.05
15.336,-0.98
15.336,-0.963
15.336,-0.914
15.336,-0.969
15.36,-1.01
15.36,-0.978
15.36,-1.03
15.36,-0.983
15.36,-1.04
15.36,-1.06
15.36,-1.04
15.36,-0.954
15.36,-0.949
15.384,-1.03
15.384,-0.993
15.384,-1.02
15.384,-0.996
15.384,-1.03
15.384,-0.927
15.384,-0.974
15.384,-1.01
15.408,-0.998
15.408,-1.02
15.408,-0.974
15.408,-1
15.408,-1.02
15.408,-0.978
15.408,-0.96
15.408,-0.945
15.408,-1.03
15.432,-1.02
15.432,-0.996
15.432,-0.947
15.432,-0.976
15.432,-0.983
15.432,-0.976
15.432,-1.01
15.432,-1.06
15.432,-1.04
15.456,-0.993
15.456,-0.958
15.456,-0.974
15.456,-1.01
15.456,-1.03
15.456,-1.02
15.456,-1.02
15.456,-0.98
15.48,-1
15.48,-1.03
15.48,-0.914
15.48,-0.978
15.48,-0.978
15.48,-1.02
15.48,-0.952
15.48,-0.929
15.48,-1.05
15.504,-1.02
15.504,-1.03
15.504,-0.965
15.504,-0.905
15.504,-0.985
15.504,-0.965
15.504,-1.04
15.504,-0.938
15.504,-0.963
15.528,-1.03
15.528,-0.989
15.528,-0.952
15.528,-0.974
15.528,-1.04
15.528,-0.914
15.528,-0.965
15.528,-1.02
15.552,-1.04
15.552,-1.01
15.552,-1.02
15.552,-0.996
15.552,-0.982
15.552,-0.96
15.552,-1.02
15.552,-1.08
15.552,-1.04
15.576,-0.994
15.576,-0.925
15.576,-1.04
15.576,-1.08
15.576,-0.974
15.576,-0.993
15.576,-0.905
15.576,-1.04
15.576,-0.921
15.6,-0.987
15.6,-1.04
15.6,-1
15.6,-0.969
15.6,-1.04
15.6,-0.947
15.6,-1.04
15.6,-0.914
15.624,-0.945
15.624,-0.974
15.624,-1.01
15.624,-0.974
15.624,-0.982
15.624,-0.974
15.624,-1.01
15.624,-0.93
15.624,-1
15.648,-0.983
15.648,-0.868
15.648,-0.969
15.648,-0.967
15.648,-0.96
15.648,-1.02
15.648,-1.03
15.648,-0.925
15.672,-0.965
15.672,-0.936
15.672,-0.905
15.672,-0.967
15.672,-0.991
15.672,-1
15.672,-0.938
15.672,-1.07
15.672,-0.976
15.696,-1
15.696,-0.985
15.696,-1
15.696,-0.985
15.696,-1.02
15.696,-1.02
15.696,-0.956
15.696,-0.945
15.696,-1
15.72,-1.02
15.72,-0.865
15.72,-0.989
15.72,-1
15.72,-1.04
15.72,-0.956
15.72,-1.02
15.72,-0.965
15.744,-1.02
15.744,-1.01
15.744,-1
15.744,-0.929
15.744,-0.98
15.744,-0.98
15.744,-1.01
15.744,-0.945
15.744,-0.945
15.768,-0.987
15.768,-1.07
15.768,-0.998
15.768,-0.958
15.768,-0.919
15.768,-1.03
15.768,-0.912
15.768,-0.941
15.768,-1.02
15.792,-0.963
15.792,-1.01
15.792,-0.989
15.792,-0.978
15.792,-0.978
15.792,-1.07
15.792,-0.936
15.792,-0.932
15.816,-1.05
15.816,-0.987
15.816,-0.983
15.816,-0.991
15.816,-0.941
15.816,-0.969
15.816,-1.02
15.816,-1.02
15.816,-1.05
15.84,-1
15.84,-1.02
15.84,-0.978
15.84,-0.998
15.84,-0.956
15.84,-0.932
15.84,-0.947
15.84,-0.987
15.864,-0.941
15.864,-1.01
15.864,-1.01
15.864,-1.05
15.864,-0.941
15.864,-1.02
15.864,-1.02
15.864,-1.04
15.864,-1
15.888,-1.11
15.888,-0.965
15.888,-0.96
15.888,-0.947
15.888,-0.93
15.888,-1.04
15.888,-0.932
15.888,-1.04
15.888,-0.958
15.912,-1.1
15.912,-0.945
15.912,-0.914
15.912,-0.996
15.912,-1
15.912,-0.998
15.912,-0.93
15.912,-0.983
15.912,-0.936
15.936,-1.09
15.936,-1.04
15.936,-0.941
15.936,-0.998
15.936,-0.993
15.936,-0.987
15.936,-0.932
15.936,-0.972
15.96,-1
15.96,-1.05
15.96,-0.976
15.96,-0.969
15.96,-0.987
15.96,-1.04
15.96,-0.932
15.96,-1.02
15.96,-1.01
15.984,-1.05
15.984,-1.01
15.984,-1.04
15.984,-1.02
15.984,-1
15.984,-0.943
15.984,-0.932
15.984,-0.991
16.008,-1.03
16.008,-1.01
16.008,-1.01
16.008,-0.972
16.008,-0.941
16.008,-1.02
16.008,-1.01
16.008,-0.978
16.008,-0.985
16.032,-1.02
16.032,-1.06
16.032,-0.952
16.032,-1
16.032,-1.01
16.032,-0.989
16.032,-1.01
16.032,-1.07
16.032,-0.994
16.056,-0.996
16.056,-0.978
16.056,-0.963
16.056,-0.949
16.056,-0.905
16.056,-1.02
16.056,-0.967
16.056,-0.976
16.08,-0.978
16.08,-0.961
16.08,-0.98
16.08,-1.02
16.08,-0.903
16.08,-0.952
16.08,-0.989
16.08,-0.919
16.08,-1
16.104,-0.972
16.104,-0.936
16.104,-0.987
16.104,-0.945
16.104,-0.985
16.104,-0.991
16.104,-0.996
16.104,-0.987
16.104,-0.971
16.128,-0.985
16.128,-1
16.128,-1
16.128,-0.95
16.128,-0.939
16.128,-1.03
16.128,-0.972
16.128,-1
16.152,-0.967
16.152,-0.967
16.152,-0.969
16.152,-1.02
16.152,-0.961
16.152,-0.932
16.152,-0.972
16.152,-0.976
16.152,-1.02
16.176,-1.02
16.176,-1.03
16.176,-0.952
16.176,-1
16.176,-1.03
16.176,-0.976
16.176,-1.05
16.176,-0.972
16.2,-1.04
16.2,-1.01
16.2,-1.04
16.2,-1.08
16.2,-0.967
16.2,-1
16.2,-0.941
16.2,-0.95
16.2,-1.02
16.224,-0.98
16.224,-0.981
16.224,-0.983
16.224,-1.06
16.224,-1
16.224,-0.899
16.224,-1.04
16.224,-0.996
16.224,-0.994
16.248,-1.07
16.248,-1.06
16.248,-0.941
16.248,-0.992
16.248,-0.945
16.248,-0.976
16.248,-0.994
16.248,-1.04
16.272,-0.969
16.272,-1.03
16.272,-0.987
16.272,-0.956
16.272,-0.961
16.272,-0.958
16.272,-1.04
16.272,-0.952
16.272,-0.959
16.296,-1
16.296,-0.972
16.296,-0.983
16.296,-0.985
16.296,-0.998
16.296,-1.01
16.296,-1.03
16.296,-0.992
16.296,-0.983
16.32,-0.987
16.32,-0.945
16.32,-0.987
16.32,-1.09
16.32,-0.956
16.32,-1.05
16.32,-1.02
16.32,-1.09
16.344,-0.952
16.344,-0.965
16.344,-1.03
16.344,-0.93
16.344,-0.923
16.344,-0.987
16.344,-0.93
16.344,-1.02
16.344,-0.952
16.368,-0.987
16.368,-1.01
16.368,-0.923
16.368,-1.03
16.368,-0.992
16.368,-0.963
16.368,-1.07
16.368,-1
16.368,-1.01
16.392,-0.976
16.392,-1
16.392,-1
16.392,-0.985
16.392,-0.921
16.392,-1.03
16.392,-0.97
16.392,-0.963
16.416,-0.884
16.416,-1.02
16.416,-0.969
16.416,-1.01
16.416,-0.989
16.416,-0.945
16.416,-1.04
16.416,-0.98
16.416,-1.05
16.44,-0.937
16.44,-1
16.44,-0.996
16.44,-0.939
16.44,-0.967
16.44,-1.08
16.44,-0.978
16.44,-0.967
16.44,-0.983
16.464,-0.934
16.464,-0.925
16.464,-1.03
16.464,-0.989
16.464,-1.04
16.464,-0.917
16.464,-0.952
16.464,-1
16.488,-1.01
16.488,-1.01
16.488,-1.06
16.488,-1.1
16.488,-0.957
16.488,-0.99
16.488,-0.959
16.488,-1.03
16.488,-0.991
16.512,-1.05
16.512,-0.926
16.512,-0.985
16.512,-1.03
16.512,-1.1
16.512,-1.03
16.512,-0.906
16.512,-1.03
16.512,-1.04
16.536,-0.97
16.536,-0.917
16.536,-1.01
16.536,-0.952
16.536,-0.912
16.536,-0.965
16.536,-0.972
16.536,-0.952
16.56,-1.02
16.56,-0.983
16.56,-1
16.56,-1
16.56,-1.06
16.56,-1.03
16.56,-1.06
16.56,-1.02
16.56,-0.961
16.584,-0.992
16.584,-0.987
16.584,-0.961
16.584,-0.978
16.584,-1.04
16.584,-0.956
16.584,-1.01
16.584,-1.03
16.608,-0.926
16.608,-1.01
16.608,-0.976
16.608,-0.897
16.608,-0.948
16.608,-0.919
16.608,-0.948
16.608,-0.943
16.608,-0.921
16.632,-0.965
16.632,-0.943
16.632,-0.965
16.632,-0.924
16.632,-0.952
16.632,-1
16.632,-0.996
16.632,-1.04
16.632,-1
16.656,-0.974
16.656,-0.943
16.656,-0.948
16.656,-0.99
16.656,-0.996
16.656,-0.952
16.656,-1.01
16.656,-1.05
16.68,-0.941
16.68,-1.06
16.68,-0.981
16.68,-0.948
16.68,-0.974
16.68,-1.04
16.68,-0.948
16.68,-1.01
16.68,-0.985
16.704,-0.926
16.704,-1.01
16.704,-0.985
16.704,-1.08
16.704,-0.965
16.704,-0.981
16.704,-0.954
16.704,-1.02
16.704,-0.952
16.728,-0.948
16.728,-0.954
16.728,-0.974
16.728,-0.961
16.728,-0.97
16.728,-0.981
16.728,-1.01
16.728,-0.895
16.752,-0.961
16.752,-0.996
16.752,-0.972
16.752,-0.972
16.752,-0.985
16.752,-1.04
16.752,-0.959
16.752,-0.935
16.752,-0.974
16.776,-1.02
16.776,-0.95
16.776,-1
16.776,-0.948
16.776,-0.961
16.776,-1.01
16.776,-0.939
16.776,-1.05
16.8,-0.959
16.8,-0.996
16.8,-0.974
16.8,-0.928
16.8,-0.994
16.8,-0.952
16.8,-1.01
16.8,-1.09
16.8,-0.902
16.824,-1.06
16.824,-1.01
16.824,-0.948
16.824,-0.983
16.824,-0.959
16.824,-0.968
16.824,-0.955
16.824,-0.983
16.824,-0.998
16.848,-0.959
16.848,-0.937
16.848,-0.981
16.848,-0.97
16.848,-1.03
16.848,-0.963
16.848,-1
16.848,-1.11
16.872,-0.987
16.872,-0.981
16.872,-0.917
16.872,-0.976
16.872,-1.01
16.872,-0.935
16.872,-0.979
16.872,-0.902
16.872,-0.93
16.896,-0.979
16.896,-0.913
16.896,-1.03
16.896,-0.97
16.896,-0.968
16.896,-1.02
16.896,-0.97
16.896,-0.966
16.896,-0.998
16.92,-0.957
16.92,-0.886
16.92,-1.04
16.92,-1.01
16.92,-1.03
16.92,-0.988
16.92,-0.946
16.92,-1.01
16.944,-1.03
16.944,-0.992
16.944,-1
16.944,-0.996
16.944,-0.974
16.944,-0.935
16.944,-1.01
16.944,-0.963
16.944,-0.992
16.968,-1.01
16.968,-1.02
16.968,-0.974
16.968,-0.955
16.968,-1.03
16.968,-1
16.968,-0.974
16.968,-1.02
16.968,-0.979
16.992,-0.919
16.992,-1.02
16.992,-0.933
16.992,-0.998
16.992,-1.04
16.992,-0.977
16.992,-1.03
16.992,-0.992
17.016,-0.99
17.016,-0.933
17.016,-0.999
17.016,-1.06
17.016,-0.988
17.016,-0.931
17.016,-0.979
17.016,-0.904
17.016,-0.981
17.04,-0.972
17.04,-0.99
17.04,-0.992
17.04,-1.03
17.04,-0.953
17.04,-0.979
17.04,-0.924
17.04,-1.03
17.04,-0.992
17.064,-1
17.064,-0.964
17.064,-0.941
17.064,-1.01
17.064,-0.981
17.064,-0.968
17.064,-1.06
17.064,-0.953
17.088,-0.997
17.088,-1.03
17.088,-0.889
17.088,-0.95
17.088,-0.924
17.088,-0.983
17.088,-1.02
17.088,-0.99
17.088,-0.88
17.112,-0.946
17.112,-0.999
17.112,-0.997
17.112,-0.977
17.112,-1.01
17.112,-1.04
17.112,-0.966
17.112,-0.966
17.136,-0.913
17.136,-0.909
17.136,-0.911
17.136,-0.962
17.136,-0.884
17.136,-0.922
17.136,-0.992
17.136,-0.973
17.136,-0.951
17.16,-1.05
17.16,-0.988
17.16,-0.997
17.16,-0.97
17.16,-0.986
17.16,-0.942
17.16,-0.999
17.16,-1.05
17.16,-1.05
17.184,-0.997
17.184,-0.977
17.184,-0.944
17.184,-0.979
17.184,-1
17.184,-1.03
17.184,-1.02
17.184,-0.986
17.208,-1.06
17.208,-1.06
17.208,-0.986
17.208,-0.977
17.208,-0.999
17.208,-0.999
17.208,-1.06
17.208,-0.96
17.208,-0.957
17.232,-1.03
17.232,-0.944
17.232,-1.01
17.232,-0.99
17.232,-1.02
17.232,-1.01
17.232,-1.03
17.232,-1
17.232,-0.995
17.256,-1.01
17.256,-1.06
17.256,-0.909
17.256,-0.988
17.256,-0.984
17.256,-0.964
17.256,-1.04
17.256,-1.01
17.28,-0.885
17.28,-1.07
17.28,-1.03
17.28,-0.993
17.28,-0.955
17.28,-1.02
17.28,-1.01
17.28,-1.02
17.28,-1.04
17.304,-0.984
17.304,-0.966
17.304,-0.971
17.304,-1.01
17.304,-1.04
17.304,-0.964
17.304,-1.03
17.304,-0.977
17.304,-1.03
17.328,-0.911
17.328,-0.953
17.328,-1.07
17.328,-0.955
17.328,-0.951
17.328,-0.975
17.328,-0.964
17.328,-0.993
17.352,-1.03
17.352,-0.997
17.352,-0.977
17.352,-0.982
17.352,-0.9
17.352,-0.977
17.352,-0.997
17.352,-0.953
17.352,-0.949
17.376,-1.01
17.376,-0.997
17.376,-1.02
17.376,-0.918
17.376,-0.96
17.376,-1.03
17.376,-0.997
17.376,-0.997
17.376,-1.01
17.4,-0.896
17.4,-0.98
17.4,-1.05
17.4,-0.986
17.4,-0.982
17.4,-1
17.4,-0.898
17.4,-0.89
17.424,-0.949
17.424,-0.979
17.424,-1.03
17.424,-0.982
17.424,-1.01
17.424,-1.01
17.424,-0.949
17.424,-0.946
17.424,-0.946
17.448,-0.92
17.448,-0.931
17.448,-0.953
17.448,-1
17.448,-0.971
17.448,-0.896
17.448,-0.947
17.448,-0.98
17.472,-1.05
17.472,-0.964
17.472,-1.03
17.472,-0.947
17.472,-0.995
17.472,-0.98
17.472,-0.975
17.472,-1.02
17.472,-0.942
17.496,-0.942
17.496,-0.966
17.496,-0.988
17.496,-0.988
17.496,-1
17.496,-0.898
17.496,-0.89
17.496,-0.993
17.496,-1.01
17.52,-0.982
17.52,-0.912
17.52,-1.02
17.52,-1.03
17.52,-0.986
17.52,-1.03
17.52,-0.965
17.52,-1.01
17.544,-0.962
17.544,-0.951
17.544,-0.975
17.544,-0.951
17.544,-1.02
17.544,-0.94
17.544,-0.991
17.544,-0.991
17.544,-0.98
17.568,-0.986
17.568,-1.05
17.568,-0.951
17.568,-0.967
17.568,-1.01
17.568,-0.984
17.568,-0.945
17.568,-0.967
17.568,-0.958
17.592,-0.923
17.592,-0.954
17.592,-0.925
17.592,-1.03
17.592,-0.991
17.592,-1
17.592,-0.925
17.592,-1.05
17.616,-0.982
17.616,-1.01
17.616,-0.947
17.616,-0.976
17.616,-1
17.616,-0.93
17.616,-0.96
17.616,-0.984
17.616,-0.995
17.64,-1.01
17.64,-1.02
17.64,-1.01
17.64,-0.969
17.64,-1.04
17.64,-0.993
17.64,-0.973
17.64,-0.93
17.664,-0.967
17.664,-0.973
17.664,-0.956
17.664,-1.02
17.664,-0.993
17.664,-0.947
17.664,-0.951
17.664,-0.934
17.664,-0.925
17.688,-0.941
17.688,-1.01
17.688,-0.978
17.688,-0.901
17.688,-0.976
17.688,-1
17.688,-0.912
17.688,-1.03
17.688,-0.987
17.712,-0.976
17.712,-0.967
17.712,-0.98
17.712,-0.96
17.712,-1.04
17.712,-1.04
17.712,-1.04
17.712,-0.921
17.736,-0.982
17.736,-0.936
17.736,-0.971
17.736,-0.98
17.736,-1.02
17.736,-0.998
17.736,-1.02
17.736,-0.958
17.736,-0.987
17.76,-1.01
17.76,-0.952
17.76,-0.934
17.76,-0.93
17.76,-0.93
17.76,-0.998
17.76,-1
17.76,-0.932
17.76,-0.976
17.784,-0.991
17.784,-1.01
17.784,-1.02
17.784,-0.919
17.784,-1.05
17.784,-0.974
17.784,-0.938
17.784,-0.943
17.808,-0.963
17.808,-1
17.808,-0.993
17.808,-0.991
17.808,-0.972
17.808,-0.996
17.808,-1.06
17.808,-1.01
17.808,-0.941
17.832,-0.972
17.832,-0.969
17.832,-0.969
17.832,-0.985
17.832,-0.98
17.832,-0.917
17.832,-1.04
17.832,-1.04
17.832,-1.01
17.856,-0.937
17.856,-1
17.856,-0.978
17.856,-0.978
17.856,-1.01
17.856,-0.996
17.856,-1.08
17.856,-0.989
17.88,-0.965
17.88,-0.98
17.88,-0.939
17.88,-1.05
17.88,-0.992
17.88,-0.893
17.88,-0.95
17.88,-0.93
17.88,-0.963
17.904,-1.01
17.904,-0.93
17.904,-0.95
17.904,-0.954
17.904,-1.05
17.904,-1.04
17.904,-0.961
17.904,-1.04
17.904,-1.02
17.928,-1.01
17.928,-1.04
17.928,-0.983
17.928,-1.01
17.928,-0.965
17.928,-0.967
17.928,-0.989
17.928,-1.03
17.952,-0.985
17.952,-0.974
17.952,-0.956
17.952,-1.01
17.952,-0.959
17.952,-0.941
17.952,-0.97
17.952,-0.963
17.952,-0.935
17.976,-1.06
17.976,-0.961
17.976,-0.948
17.976,-1.04
17.976,-0.93
17.976,-0.985
17.976,-0.987
17.976,-1.06
17.976,-0.972
18,-1
18,-1
18,-0.974
18,-0.954
18,-0.943
18,-1.01
18,-1
18,-0.956
18.024,-0.981
18.024,-0.917
18.024,-0.954
18.024,-0.983
18.024,-0.93
18.024,-0.889
18.024,-0.992
18.024,-0.987
18.024,-0.95
18.048,-0.968
18.048,-1.03
18.048,-1.04
18.048,-1.06
18.048,-0.897
18.048,-1.01
18.048,-1.03
18.048,-0.95
18.072,-0.937
18.072,-0.946
18.072,-0.972
18.072,-1.02
18.072,-0.979
18.072,-1.02
18.072,-0.935
18.072,-0.985
18.072,-0.981
18.096,-0.915
18.096,-0.992
18.096,-0.968
18.096,-0.941
18.096,-0.898
18.096,-1.01
18.096,-0.9
18.096,-0.953
18.096,-0.944
18.12,-0.992
18.12,-0.988
18.12,-0.97
18.12,-0.981
18.12,-0.974
18.12,-0.95
18.12,-1
18.12,-0.963
18.144,-0.95
18.144,-0.93
18.144,-1.02
18.144,-0.955
18.144,-0.948
18.144,-0.95
18.144,-1.01
18.144,-1.04
18.144,-0.955
18.168,-0.961
18.168,-0.95
18.168,-0.933
18.168,-0.972
18.168,-0.964
18.168,-1
18.168,-1.05
18.168,-1
18.168,-0.981
18.192,-0.985
18.192,-1.01
18.192,-0.983
18.192,-0.988
18.192,-0.996
18.192,-0.985
18.192,-0.953
18.192,-0.942
18.216,-0.998
18.216,-1.02
18.216,-0.961
18.216,-0.977
18.216,-1
18.216,-0.928
18.216,-0.977
18.216,-0.992
18.216,-0.915
18.24,-1.01
18.24,-1.01
18.24,-1.03
18.24,-0.979
18.24,-1.03
18.24,-0.929
18.24,-0.946
18.24,-0.953
18.264,-0.994
18.264,-0.904
18.264,-1.02
18.264,-0.963
18.264,-0.937
18.264,-0.996
18.264,-1.01
18.264,-0.968
18.264,-0.963
18.288,-0.937
18.288,-1.01
18.288,-1.01
18.288,-0.966
18.288,-0.939
18.288,-1.05
18.288,-0.968
18.288,-1
18.288,-0.946
18.312,-0.97
18.312,-1.02
18.312,-0.974
18.312,-1.02
18.312,-0.985
18.312,-0.931
18.312,-0.948
18.312,-1.01
18.312,-1.01
18.336,-0.872
18.336,-0.974
18.336,-0.981
18.336,-0.928
18.336,-0.939
18.336,-1.01
18.336,-0.999
18.336,-1.02
18.36,-1.04
18.36,-0.931
18.36,-0.911
18.36,-1.01
18.36,-1.05
18.36,-0.957
18.36,-0.918
18.36,-1.03
18.36,-0.999
18.384,-0.935
18.384,-1
18.384,-1.04
18.384,-1.01
18.384,-1
18.384,-0.999
18.384,-0.939
18.384,-0.955
18.408,-1.02
18.408,-1
18.408,-0.981
18.408,-0.957
18.408,-0.988
18.408,-0.996
18.408,-0.994
18.408,-0.968
18.408,-1.02
18.432,-1.02
18.432,-0.999
18.432,-0.988
18.432,-0.983
18.432,-1.03
18.432,-1.1
18.432,-0.95
18.432,-0.974
18.432,-0.996
18.456,-0.909
18.456,-1.02
18.456,-0.916
18.456,-1.07
18.456,-0.994
18.456,-0.983
18.456,-0.913
18.456,-0.935
18.48,-1.01
18.48,-0.924
18.48,-0.999
18.48,-0.977
18.48,-0.99
18.48,-0.99
18.48,-0.972
18.48,-1.01
18.48,-1.01
18.504,-0.99
18.504,-0.953
18.504,-1.01
18.504,-0.981
18.504,-1.01
18.504,-0.952
18.504,-0.964
18.504,-0.902
18.504,-0.977
18.528,-1.03
18.528,-1.05
18.528,-0.946
18.528,-0.974
18.528,-1.02
18.528,-1.02
18.528,-0.94
18.528,-0.915
18.552,-1.01
18.552,-1.04
18.552,-0.935
18.552,-0.992
18.552,-0.977
18.552,-0.92
18.552,-0.898
18.552,-1
18.552,-1.02
18.576,-0.983
18.576,-0.979
18.576,-0.97
18.576,-1
18.576,-0.99
18.576,-0.937
18.576,-0.992
18.576,-0.946
18.576,-1.03
18.6,-0.964
18.6,-0.99
18.6,-0.944
18.6,-0.918
18.6,-0.972
18.6,-0.975
18.6,-0.942
18.6,-0.953
18.624,-0.97
18.624,-1.01
18.624,-0.975
18.624,-1.03
18.624,-0.996
18.624,-1
18.624,-0.994
18.624,-0.942
18.624,-0.955
18.648,-0.957
18.648,-0.955
18.648,-0.909
18.648,-1.02
18.648,-0.961
18.648,-0.977
18.648,-0.961
18.648,-1.03
18.672,-0.996
18.672,-0.968
18.672,-0.902
18.672,-0.942
18.672,-1.02
18.672,-0.909
18.672,-0.9
18.672,-1.02
18.672,-1.05
18.696,-1.02
18.696,-0.996
18.696,-0.97
18.696,-1.01
18.696,-0.968
18.696,-0.88
18.696,-1.02
18.696,-0.9
18.696,-0.99
18.72,-0.92
18.72,-0.944
18.72,-1.01
18.72,-1.03
18.72,-0.946
18.72,-1.01
18.72,-1.01
18.72,-1
18.744,-0.977
18.744,-1.03
18.744,-0.99
18.744,-0.907
18.744,-1.02
18.744,-1
18.744,-0.977
18.744,-1.01
18.744,-0.992
18.768,-0.942
18.768,-0.996
18.768,-0.957
18.768,-0.986
18.768,-0.92
18.768,-0.924
18.768,-1.01
18.768,-1.01
18.768,-0.953
18.792,-1.01
18.792,-1
18.792,-0.97
18.792,-0.981
18.792,-1.01
18.792,-1.03
18.792,-0.986
18.792,-0.968
18.816,-0.994
18.816,-1.02
18.816,-0.951
18.816,-0.979
18.816,-0.968
18.816,-1.03
18.816,-0.957
18.816,-1.04
18.816,-0.996
18.84,-0.988
18.84,-0.949
18.84,-0.986
18.84,-0.979
18.84,-0.944
18.84,-0.953
18.84,-0.931
18.84,-0.898
18.864,-1.01
18.864,-0.977
18.864,-1.01
18.864,-0.926
18.864,-0.968
18.864,-0.926
18.864,-1
18.864,-0.926
18.864,-1.01
18.888,-0.935
18.888,-0.955
18.888,-1.02
18.888,-0.975
18.888,-1.02
18.888,-1.01
18.888,-0.953
18.888,-0.946
18.888,-0.988
18.912,-0.968
18.912,-0.953
18.912,-1
18.912,-0.949
18.912,-0.988
18.912,-0.949
18.912,-0.949
18.912,-0.983
18.912,-0.992
18.936,-1.06
18.936,-0.986
18.936,-1.04
18.936,-1.02
18.936,-0.949
18.936,-1.05
18.936,-0.931
18.936,-0.984
18.96,-0.946
18.96,-1.04
18.96,-1.01
18.96,-0.994
18.96,-0.949
18.96,-0.975
18.96,-1.03
18.96,-1.05
18.96,-1.02
18.984,-1
18.984,-1.01
18.984,-0.953
18.984,-0.933
18.984,-1.01
18.984,-1.01
18.984,-0.986
18.984,-0.977
19.008,-0.938
19.008,-1.03
19.008,-0.966
19.008,-1.03
19.008,-0.992
19.008,-0.992
19.008,-1.07
19.008,-0.986
19.008,-0.889
19.032,-0.975
19.032,-0.986
19.032,-0.997
19.032,-0.981
19.032,-1.01
19.032,-0.996
19.032,-1.01
19.032,-0.92
19.032,-0.99
19.056,-0.909
19.056,-0.983
19.056,-1.01
19.056,-0.946
19.056,-0.977
19.056,-0.955
19.056,-0.979
19.056,-1.02
19.08,-1.01
19.08,-0.957
19.08,-0.968
19.08,-0.929
19.08,-0.979
19.08,-0.907
19.08,-0.959
19.08,-1.04
19.08,-0.916
19.104,-0.975
19.104,-1.03
19.104,-0.962
19.104,-0.977
19.104,-0.992
19.104,-0.922
19.104,-0.957
19.104,-0.984
19.104,-1.02
19.128,-0.977
19.128,-0.933
19.128,-0.984
19.128,-0.999
19.128,-1.03
19.128,-1.01
19.128,-0.929
19.128,-0.968
19.152,-0.959
19.152,-1.01
19.152,-0.986
19.152,-0.981
19.152,-0.977
19.152,-0.966
19.152,-0.999
19.152,-0.918
19.152,-1
19.176,-1
19.176,-1
19.176,-1.03
19.176,-1.06
19.176,-0.922
19.176,-0.913
19.176,-0.953
19.176,-0.957
19.2,-0.94
19.2,-0.994
19.2,-1.04
19.2,-0.994
19.2,-0.948
19.2,-1.04
19.2,-0.979
19.2,-0.973
19.2,-0.986
19.224,-0.916
19.224,-0.959
19.224,-1.03
19.224,-0.944
19.224,-1
19.224,-1.01
19.224,-0.97
19.224,-1.01
19.224,-1.04
19.248,-0.97
19.248,-1.06
19.248,-0.94
19.248,-1.05
19.248,-1.03
19.248,-1.03
19.248,-0.949
19.248,-0.938
19.272,-1.01
19.272,-0.949
19.272,-0.966
19.272,-0.944
19.272,-0.979
19.272,-1.01
19.272,-0.953
19.272,-1.03
19.272,-0.944
19.296,-1.02
19.296,-0.911
19.296,-1.02
19.296,-0.99
19.296,-0.937
19.296,-0.977
19.296,-0.988
19.296,-0.946
19.296,-1.03
19.32,-1.01
19.32,-0.951
19.32,-0.953
19.32,-0.926
19.32,-1
19.32,-0.964
19.32,-0.968
19.32,-1.02
19.344,-1.02
19.344,-0.918
19.344,-1.05
19.344,-1.03
19.344,-0.953
19.344,-0.918
19.344,-0.953
19.344,-1.04
19.344,-0.979
19.368,-0.979
19.368,-0.953
19.368,-1.01
19.368,-0.977
19.368,-0.981
19.368,-0.981
19.368,-0.975
19.368,-0.955
19.368,-1
19.392,-0.992
19.392,-1.01
19.392,-1
19.392,-0.938
19.392,-0.977
19.392,-0.942
19.392,-1.03
19.392,-0.955
19.416,-0.924
19.416,-0.957
19.416,-0.981
19.416,-0.981
19.416,-1
19.416,-0.944
19.416,-1.02
19.416,-1.04
19.416,-0.99
19.44,-1.04
19.44,-0.944
19.44,-1.09
19.44,-1
19.44,-0.898
19.44,-0.922
19.44,-1.03
19.44,-0.896
19.44,-0.955
19.464,-0.938
19.464,-0.953
19.464,-0.999
19.464,-0.966
19.464,-0.946
19.464,-0.973
19.464,-0.984
19.464,-1
19.488,-0.907
19.488,-0.901
19.488,-0.964
19.488,-0.946
19.488,-1.05
19.488,-0.986
19.488,-0.929
19.488,-0.96
19.488,-0.979
19.512,-0.927
19.512,-0.96
19.512,-1.03
19.512,-1
19.512,-0.971
19.512,-1.03
19.512,-0.931
19.512,-0.951
19.512,-0.979
19.536,-0.98
19.536,-0.955
19.536,-1.02
19.536,-0.96
19.536,-0.933
19.536,-0.951
19.536,-0.997
19.536,-0.955
19.56,-0.927
19.56,-0.94
19.56,-0.929
19.56,-0.995
19.56,-1.02
19.56,-0.938
19.56,-0.942
19.56,-0.914
19.56,-0.997
19.584,-0.923
19.584,-1.01
19.584,-0.92
19.584,-0.984
19.584,-0.988
19.584,-0.971
19.584,-0.995
19.584,-0.964
19.608,-0.901
19.608,-0.947
19.608,-0.973
19.608,-0.973
19.608,-0.94
19.608,-0.982
19.608,-0.984
19.608,-0.951
19.608,-0.907
19.632,-0.958
19.632,-0.98
19.632,-1.05
19.632,-0.96
19.632,-0.938
19.632,-0.986
19.632,-1.01
19.632,-1.01
19.632,-0.977
19.656,-0.958
19.656,-0.945
19.656,-1.02
19.656,-0.964
19.656,-1.02
19.656,-0.975
19.656,-0.973
19.656,-0.984
19.68,-0.962
19.68,-0.982
19.68,-0.98
19.68,-0.953
19.68,-1.04
19.68,-1.02
19.68,-0.932
19.68,-0.975
19.68,-0.969
19.704,-0.956
19.704,-0.982
19.704,-0.991
19.704,-0.962
19.704,-0.964
19.704,-0.975
19.704,-0.899
19.704,-1.01
19.704,-0.921
19.728,-0.908
19.728,-0.999
19.728,-1
19.728,-0.973
19.728,-0.969
19.728,-0.999
19.728,-0.989
19.728,-0.938
19.752,-1.02
19.752,-0.986
19.752,-0.978
19.752,-1.06
19.752,-0.999
19.752,-0.934
19.752,-0.993
19.752,-1.03
19.752,-0.901
19.776,-0.967
19.776,-0.956
19.776,-0.971
19.776,-0.953
19.776,-0.945
19.776,-0.903
19.776,-0.989
19.776,-0.969
19.8,-0.938
19.8,-0.997
19.8,-0.969
19.8,-0.978
19.8,-0.941
19.8,-0.984
19.8,-1.01
19.8,-0.93
19.8,-0.975
19.824,-0.982
19.824,-0.993
19.824,-1.02
19.824,-1.02
19.824,-0.975
19.824,-0.895
19.824,-0.98
19.824,-1.03
19.824,-1.01
19.848,-0.914
19.848,-0.951
19.848,-1.04
19.848,-0.897
19.848,-0.96
19.848,-0.943
19.848,-0.941
19.848,-1.03
19.872,-0.98
19.872,-0.949
19.872,-0.947
19.872,-0.951
19.872,-1.06
19.872,-0.939
19.872,-0.921
19.872,-1.01
19.872,-1.04
19.896,-0.973
19.896,-0.973
19.896,-1.01
19.896,-1.01
19.896,-1
19.896,-0.956
19.896,-1
19.896,-0.899
19.896,-1
19.92,-0.982
19.92,-0.895
19.92,-0.962
19.92,-0.963
19.92,-0.947
19.92,-0.967
19.92,-0.956
19.92,-1
19.944,-0.973
19.944,-1.03
19.944,-1.04
19.944,-1.06
19.944,-0.965
19.944,-1.03
19.944,-0.925
19.944,-1
19.944,-0.978
19.968,-0.934
19.968,-1.03
19.968,-0.989
19.968,-0.949
19.968,-1.01
19.968,-0.978
19.968,-1.01
19.968,-1.04
19.968,-0.958
19.992,-0.947
19.992,-0.978
19.992,-1.03
19.992,-0.965
19.992,-0.995
19.992,-0.98
19.992,-0.945
19.992,-0.978
20.016,-1.02
20.016,-0.928
20.016,-0.982
20.016,-0.993
20.016,-0.973
20.016,-0.954
20.016,-0.991
20.016,-0.96
20.016,-0.919
20.04,-0.914
20.04,-0.945
20.04,-1.03
20.04,-0.96
20.04,-1.01
20.04,-0.95
20.04,-0.993
20.04,-0.919
20.04,-0.978
20.064,-0.88
20.064,-0.967
20.064,-1.02
20.064,-0.984
20.064,-1.01
20.064,-0.925
20.064,-0.923
20.064,-0.967
20.088,-1.02
20.088,-0.943
20.088,-0.997
20.088,-0.91
20.088,-0.919
20.088,-0.916
20.088,-0.953
20.088,-0.975
20.088,-0.98
20.112,-1.02
20.112,-0.96
20.112,-0.897
20.112,-0.962
20.112,-0.949
20.112,-1.04
20.112,-0.975
20.112,-0.949
20.136,-0.991
20.136,-0.965
20.136,-1.01
20.136,-0.954
20.136,-1.03
20.136,-0.899
20.136,-1.06
20.136,-0.997
20.136,-0.941
20.16,-0.958
20.16,-0.956
20.16,-1.06
20.16,-0.947
20.16,-1
20.16,-0.993
20.16,-0.982
20.16,-0.938
20.16,-0.971
20.184,-0.997
20.184,-0.995
20.184,-0.927
20.184,-1.01
20.184,-0.951
20.184,-1.06
20.184,-0.997
20.184,-1.01
20.208,-0.993
20.208,-0.964
20.208,-1.03
20.208,-1.01
20.208,-0.956
20.208,-0.986
20.208,-1.02
20.208,-0.951
20.208,-1.03
20.232,-0.91
20.232,-0.997
20.232,-0.956
20.232,-0.912
20.232,-0.969
20.232,-0.958
20.232,-0.99
20.232,-1.01
20.232,-0.925
20.256,-1.01
20.256,-1.05
20.256,-0.973
20.256,-0.901
20.256,-0.993
20.256,-0.999
20.256,-0.982
20.256,-0.96
20.28,-0.956
20.28,-1.01
20.28,-0.969
20.28,-1.01
20.28,-0.914
20.28,-0.923
20.28,-0.973
20.28,-1.04
20.28,-0.991
20.304,-0.938
20.304,-0.977
20.304,-0.918
20.304,-0.966
20.304,-0.99
20.304,-0.966
20.304,-0.927
20.304,-0.966
20.304,-0.995
20.328,-0.979
20.328,-0.982
20.328,-1.05
20.328,-0.962
20.328,-1.01
20.328,-1.02
20.328,-1.03
20.328,-0.971
20.352,-0.988
20.352,-1.01
20.352,-0.927
20.352,-0.942
20.352,-1.01
20.352,-0.971
20.352,-0.955
20.352,-1.02
20.352,-0.934
20.376,-0.99
20.376,-0.945
20.376,-0.909
20.376,-1
20.376,-0.905
20.376,-0.977
20.376,-1.01
20.376,-0.986
20.376,-0.912
20.4,-1.02
20.4,-1.03
20.4,-0.848
20.4,-0.949
20.4,-0.936
20.4,-0.977
20.4,-0.96
20.4,-0.958
20.424,-1.03
20.424,-0.984
20.424,-0.993
20.424,-1.01
20.424,-0.927
20.424,-0.986
20.424,-1
20.424,-0.953
20.424,-1
20.448,-0.903
20.448,-0.927
20.448,-1
20.448,-0.977
20.448,-0.966
20.448,-1.02
20.448,-1.06
20.448,-0.971
20.472,-0.894
20.472,-0.969
20.472,-1.01
20.472,-0.964
20.472,-1.01
20.472,-1.01
20.472,-0.953
20.472,-0.99
20.472,-0.986
20.496,-0.962
20.496,-0.973
20.496,-0.971
20.496,-1
20.496,-0.973
20.496,-0.995
20.496,-0.984
20.496,-1
20.496,-1.02
20.52,-0.999
20.52,-0.951
20.52,-0.98
20.52,-0.964
20.52,-1.01
20.52,-0.962
20.52,-0.984
20.52,-1.04
20.544,-1.06
20.544,-0.993
20.544,-0.938
20.544,-0.991
20.544,-1.02
20.544,-1
20.544,-0.98
20.544,-0.971
20.544,-1.03
20.568,-0.986
20.568,-1.03
20.568,-1.01
20.568,-0.908
20.568,-1
20.568,-0.993
20.568,-0.997
20.568,-0.976
20.568,-0.98
20.592,-0.971
20.592,-0.998
20.592,-0.921
20.592,-0.971
20.592,-1.04
20.592,-0.923
20.592,-1.02
20.592,-0.923
20.616,-0.978
20.616,-0.956
20.616,-0.965
20.616,-1.01
20.616,-1.02
20.616,-0.982
20.616,-0.904
20.616,-0.947
20.616,-0.919
20.64,-0.998
20.64,-0.998
20.64,-1
20.64,-1.03
20.64,-1.01
20.64,-1.04
20.64,-1.04
20.64,-0.991
20.664,-1.05
20.664,-0.993
20.664,-0.978
20.664,-0.958
20.664,-1.03
20.664,-0.991
20.664,-1.01
20.664,-0.978
20.664,-1.02
20.688,-0.987
20.688,-0.935
20.688,-1.05
20.688,-0.976
20.688,-0.959
20.688,-1.04
20.688,-1.02
20.688,-0.998
20.688,-0.985
20.712,-0.94
20.712,-0.953
20.712,-1.06
20.712,-0.938
20.712,-0.898
20.712,-1.01
20.712,-0.97
20.712,-0.986
20.736,-0.972
20.736,-1.02
20.736,-0.974
20.736,-1.01
20.736,-0.944
20.736,-0.996
20.736,-1.01
20.736,-0.977
20.736,-1.04
20.76,-0.992
20.76,-1.02
20.76,-1.06
20.76,-1.02
20.76,-0.983
20.76,-0.972
20.76,-1.02
20.76,-0.972
20.76,-0.97
20.784,-0.951
20.784,-1.02
20.784,-0.935
20.784,-0.964
20.784,-1.01
20.784,-0.966
20.784,-0.944
20.784,-0.994
20.808,-0.997
20.808,-0.947
20.808,-1.03
20.808,-0.964
20.808,-0.992
20.808,-0.982
20.808,-0.978
20.808,-1.01
20.808,-1.08
20.832,-0.975
20.832,-1
20.832,-0.973
20.832,-1.04
20.832,-1.02
20.832,-0.966
20.832,-0.96
20.832,-0.966
20.832,-1.06
20.856,-1.01
20.856,-0.973
20.856,-0.923
20.856,-0.991
20.856,-1.01
20.856,-0.984
20.856,-0.971
20.856,-0.971
20.88,-1
20.88,-0.965
20.88,-0.945
20.88,-1.01
20.88,-0.93
20.88,-0.956
20.88,-0.928
20.88,-0.932
20.88,-0.93
20.904,-0.926
20.904,-0.902
20.904,-0.936
20.904,-0.943
20.904,-0.897
20.904,-0.982
20.904,-1.02
20.904,-0.941
20.904,-0.948
20.928,-1.01
20.928,-0.968
20.928,-0.95
20.928,-0.961
20.928,-0.976
20.928,-0.963
20.928,-1.09
20.928,-1.06
20.952,-0.95
20.952,-0.905
20.952,-1.03
20.952,-0.957
20.952,-1.01
20.952,-1.05
20.952,-1.03
20.952,-0.972
20.952,-1
20.976,-0.998
20.976,-1.02
20.976,-1
20.976,-0.966
20.976,-1.02
20.976,-1.01
20.976,-0.943
20.976,-0.997
20.976,-1
21,-1.05
21,-1.01
21,-1.04
21,-0.957
21,-0.99
21,-1.03
21,-0.961
21,-0.979
21.024,-0.974
21.024,-0.91
21.024,-0.925
21.024,-1.01
21.024,-0.979
21.024,-0.923
21.024,-1.13
21.024,-0.999
21.024,-0.99
21.048,-1.03
21.048,-0.994
21.048,-1.01
21.048,-1.03
